estado,municipio,secciones_electorales
Aguascalientes,Aguascalientes,I;II
Aguascalientes,Asientos,I
Aguascalientes,Calvillo,I
Aguascalientes,Cosío,I
Aguascalientes,El Llano,I
Aguascalientes,Jesús María,I
Aguascalientes,Pabellón de Arteaga,I
Aguascalientes,Rincón de Romos,I
Aguascalientes,San Francisco de los Romo,I
Aguascalientes,San José de Gracia,I
Aguascalientes,Tepezalá,I
Baja California,Ensenada,III;VII
Baja California,Mexicali,I;II;VII
Baja California,Playas de Rosarito,VIII
Baja California,Tecate,VIII
Baja California,Tijuana,"IV; V, VI, VIII"
Baja California Sur,Comondú,I
Baja California Sur,La Paz,I;II
Baja California Sur,Loreto,I
Baja California Sur,Los Cabos,II
Baja California Sur,Mulegé,I
Campeche,Calakmul,I;II
Campeche,Calkiní,I
Campeche,Campeche,I
Campeche,Candelaria,II
Campeche,Carmen,II
Campeche,Champotón,II
Campeche,Escárcega,II
Campeche,Hecelchakán,I
Campeche,Hopelchén,I
Campeche,Palizada,II
Campeche,Tenabo,I
Chiapas,Acacoyagua,VII
Chiapas,Acala,VI
Chiapas,Acapetahua,VII
Chiapas,Aldama,II
Chiapas,Altamirano,III
Chiapas,Amatán,IV
Chiapas,Amatenango de la Frontera,XI
Chiapas,Amatenango del Valle,V
Chiapas,Angel Albino Corzo,X
Chiapas,Arriaga,VII
Chiapas,Bejucal de Ocampo,XI
Chiapas,Bella Vista,VIII
Chiapas,Benemérito de las Américas,III
Chiapas,Berriozábal,IV
Chiapas,Bochil,II
Chiapas,Cacahoatán,XI
Chiapas,Catazajá,I
Chiapas,Chalchihuitán,II
Chiapas,Chamula,V
Chiapas,Chanal,III
Chiapas,Chapultenango,II
Chiapas,Chenalhó,II
Chiapas,Chiapa de Corzo,VI
Chiapas,Chiapilla,VI
Chiapas,Chicoasén,
Chiapas,Chicomuselo,VIII
Chiapas,Chilón,I
Chiapas,Cintalapa,X
Chiapas,Coapilla,IV
Chiapas,Comitán de Domínguez,VIII
Chiapas,Copainalá,IV
Chiapas,El Bosque,II
Chiapas,El Porvenir,XI
Chiapas,Escuintla,VII
Chiapas,Francisco León,II
Chiapas,Frontera Comalapa,VIII
Chiapas,Frontera Hidalgo,XII
Chiapas,Huehuetán,XI
Chiapas,Huitiupán,II
Chiapas,Huixtán,V
Chiapas,Huixtla,XI
Chiapas,Ixhuatán,II
Chiapas,Ixtacomitán,IV
Chiapas,Ixtapa,VI
Chiapas,Ixtapangajoya,IV
Chiapas,Jiquipilas,X
Chiapas,Jitotol,II
Chiapas,Juárez,IV
Chiapas,La Concordia,X
Chiapas,La Grandeza,XI
Chiapas,La Independencia,VIII
Chiapas,La Libertad,I
Chiapas,La Trinitaria,VIII
Chiapas,Larráinzar,II
Chiapas,Las Margaritas,III
Chiapas,Las Rosas,VI
Chiapas,Mapastepec,VII
Chiapas,Maravilla Tenejapa,III
Chiapas,Marqués de Comillas,III
Chiapas,Mazapa de Madero,XI
Chiapas,Mazatán,XI
Chiapas,Metapa,XII
Chiapas,Mitontic,V
Chiapas,Montecristo de Guerrero,X
Chiapas,Motozintla,XI
Chiapas,Nicolás Ruíz,VI
Chiapas,Ocosingo,III
Chiapas,Ocotepec,II
Chiapas,Ocozocoautla de Espinosa,IV
Chiapas,Ostuacán,IV
Chiapas,Osumacinta,VI
Chiapas,Oxchuc,III
Chiapas,Palenque,I
Chiapas,Pantelhó,II
Chiapas,Pantepec,II
Chiapas,Pichucalco,IV
Chiapas,Pijijiapan,VII
Chiapas,Pueblo Nuevo Solistahuacán,II
Chiapas,Rayón,II
Chiapas,Reforma,IV
Chiapas,Sabanilla,I
Chiapas,Salto de Agua,I
Chiapas,San Andrés Duraznal,II
Chiapas,San Cristóbal de las Casas,V
Chiapas,San Fernando,IV
Chiapas,San Juan Cancuc,II
Chiapas,San Lucas,VI
Chiapas,Santiago el Pinar,II
Chiapas,Siltepec,XI
Chiapas,Simojovel,II
Chiapas,Sitalá,II
Chiapas,Socoltenango,VIII
Chiapas,Solosuchiapa,IV
Chiapas,Soyaló,VI
Chiapas,Suchiapa,VI
Chiapas,Suchiate,XII
Chiapas,Sunuapa,IV
Chiapas,Tapachula,XI;XII
Chiapas,Tapalapa,II
Chiapas,Tapilula,II
Chiapas,Tecpatán,IV
Chiapas,Tenejapa,V
Chiapas,Teopisca,V
Chiapas,Tila,I
Chiapas,Tonalá,VII
Chiapas,Totolapa,VI
Chiapas,Tumbalá,I
Chiapas,Tuxtla Chico,XII
Chiapas,Tuxtla Gutiérrez,VI;IX
Chiapas,Tuzantán,XI
Chiapas,Tzimol,VIII
Chiapas,Unión Juárez,XI
Chiapas,Venustiano Carranza,VI
Chiapas,Villa Comaltitlán,VIII
Chiapas,Villa Corzo,X
Chiapas,Villaflores,X
Chiapas,Yajalón,I
Chiapas,Zinacantán,V
Chihuahua,Ahumada,I
Chihuahua,Aldama,V
Chihuahua,Allende,V
Chihuahua,Aquiles Serdán,V
Chihuahua,Ascensión,I
Chihuahua,Bachíniva,VII
Chihuahua,Balleza,IX
Chihuahua,Batopilas,IX
Chihuahua,Bocoyna,
Chihuahua,Buenaventura,VII
Chihuahua,Camargo,V
Chihuahua,Carichí,IX
Chihuahua,Casas Grandes,VII
Chihuahua,Chihuahua,"V; VI, VIII"
Chihuahua,Chínipas,
Chihuahua,Coronado,V
Chihuahua,Coyame del Sotol,V
Chihuahua,Cuauhtémoc,VII
Chihuahua,Cusihuiriachi,IX
Chihuahua,Delicias,V
Chihuahua,Dr. Belisario Domínguez,IX
Chihuahua,El Tule,IX
Chihuahua,Galeana,VII
Chihuahua,Gómez Farías,VII
Chihuahua,Gran Morelos,IX
Chihuahua,Guachochi,IX
Chihuahua,Guadalupe,I
Chihuahua,Guadalupe y Calvo,IX
Chihuahua,Guazapares,IX
Chihuahua,Guerrero,VII
Chihuahua,Hidalgo del Parral,IX
Chihuahua,Huejotitán,IX
Chihuahua,Ignacio Zaragoza,VII
Chihuahua,Janos,I
Chihuahua,Jiménez,V
Chihuahua,Juárez,I;II;III;IV
Chihuahua,Julimes,V
Chihuahua,La Cruz,V
Chihuahua,López,V
Chihuahua,Madera,VII
Chihuahua,Maguarichi,IX
Chihuahua,Manuel Benavides,V
Chihuahua,Matachí,VII
Chihuahua,Matamoros,IX
Chihuahua,Meoqui,V
Chihuahua,Morelos,IX
Chihuahua,Moris,VII
Chihuahua,Namiquipa,VII
Chihuahua,Nonoava,IX
Chihuahua,Nuevo Casas Grandes,VII
Chihuahua,Ocampo,VII
Chihuahua,Ojinaga,V
Chihuahua,Praxedis G. Guerrero,I
Chihuahua,Riva Palacio,VII
Chihuahua,Rosales,V
Chihuahua,Rosario,IX
Chihuahua,San Francisco de Borja,IX
Chihuahua,San Francisco de Conchos,V
Chihuahua,San Francisco del Oro,IX
Chihuahua,Santa Bárbara,IX
Chihuahua,Santa Isabel,IX
Chihuahua,Satevó,IX
Chihuahua,Saucillo,V
Chihuahua,Temósachic,VII
Chihuahua,Urique,IX
Chihuahua,Uruachi,IX
Chihuahua,Valle de Zaragoza,IX
Coahuila de Zaragoza,Abasolo,III
Coahuila de Zaragoza,Acuña,I
Coahuila de Zaragoza,Allende,I
Coahuila de Zaragoza,Arteaga,III
Coahuila de Zaragoza,Candela,III
Coahuila de Zaragoza,Castaños,
Coahuila de Zaragoza,Cuatro Ciénegas,II
Coahuila de Zaragoza,Escobedo,III
Coahuila de Zaragoza,Francisco I. Madero,II
Coahuila de Zaragoza,Frontera,II
Coahuila de Zaragoza,General Cepeda,III
Coahuila de Zaragoza,Guerrero,I
Coahuila de Zaragoza,Hidalgo,I
Coahuila de Zaragoza,Jiménez,I
Coahuila de Zaragoza,Juárez,III
Coahuila de Zaragoza,Lamadrid,II
Coahuila de Zaragoza,Matamoros,V
Coahuila de Zaragoza,Monclova,III
Coahuila de Zaragoza,Morelos,I
Coahuila de Zaragoza,Múzquiz,II
Coahuila de Zaragoza,Nadadores,II
Coahuila de Zaragoza,Nava,I
Coahuila de Zaragoza,Ocampo,II
Coahuila de Zaragoza,Parras de la fuente,V
Coahuila de Zaragoza,Piedras Negras,I
Coahuila de Zaragoza,Progreso,III
Coahuila de Zaragoza,Ramos Arizpe,III
Coahuila de Zaragoza,Sabinas,III
Coahuila de Zaragoza,Sacramento,III
Coahuila de Zaragoza,Saltillo,IV;VII
Coahuila de Zaragoza,San Buenaventura,II
Coahuila de Zaragoza,San Juan de Sabinas,II
Coahuila de Zaragoza,San Pedro,II
Coahuila de Zaragoza,Sierra Mojada,II
Coahuila de Zaragoza,Torreón,V;VI
Coahuila de Zaragoza,Viesca,V
Coahuila de Zaragoza,Villa Unión,I
Coahuila de Zaragoza,Zaragoza,I
Colima,Armería,II
Colima,Colima,I
Colima,Comala,I
Colima,Coquimatlán,I
Colima,Cuauhtémoc,I
Colima,Ixtlahuacán,I
Colima,Manzanillo,II
Colima,Minatitlán,II
Colima,Tecomán,II
Colima,Villa de Álvarez,I
Ciudad de México,Álvaro Obregón,XVI;XVII;XXVI
Ciudad de México,Azcapotzalco,III;VIII
Ciudad de México,Benito Juárez,XV
Ciudad de México,Coyoacán,XXIII;XXIV
Ciudad de México,Cuajimalpa de Morelos,XVII
Ciudad de México,Cuauhtémoc,VIII;XII
Ciudad de México,Gustavo A. Madero,"I, II, VI, VII"
Ciudad de México,Iztacalco,XI;XIII;XVIII
Ciudad de México,Iztapalapa,I;II;VI;VII;XVIII;XXV
Ciudad de México,La Magdalena Contreras,XXVI
Ciudad de México,Miguel Hidalgo,X
Ciudad de México,Milpa Alta,XXI
Ciudad de México,Tláhuac,XXV;XXVII
Ciudad de México,Tlalpan,V;XIV;XXI
Ciudad de México,Venustiano Carranza,IX;XI
Ciudad de México,Xochimilco,V;XIV;XXI;XXV
Durango,Canatlán,III
Durango,Canelas,I
Durango,Coneto de Comonfort,III
Durango,Cuencamé,III
Durango,Durango,I;IV
Durango,El Oro,III
Durango,General Simón Bolívar,III
Durango,Gómez Palacio,II
Durango,Guadalupe Victoria,III
Durango,Guanaceví,I
Durango,Hidalgo,III
Durango,Indé,III
Durango,Lerdo,II
Durango,Mapimí,III
Durango,Mezquital,I
Durango,Nazas,III
Durango,Nombre de Dios,III
Durango,Nuevo Ideal,III
Durango,Ocampo,III
Durango,Otáez,I
Durango,Pánuco de Coronado,III
Durango,Peñón Blanco,III
Durango,Poanas,III
Durango,Pueblo Nuevo,I
Durango,Rodeo,III
Durango,San Bernardo,III
Durango,San Dimas,I
Durango,San Juan de Guadalupe,III
Durango,San Juan del Río,III
Durango,San Luis del Cordero,III
Durango,San Pedro del Gallo,III
Durango,Santa Clara,III
Durango,Santiago Papasquiaro,I
Durango,Súchil,I
Durango,Tamazula,I
Durango,Tepehuanes,I
Durango,Tlahualilo,III
Durango,Topia,I
Durango,Vicente Guerrero,III
Guanajuato,Abasolo,XI
Guanajuato,Acámbaro,XIV
Guanajuato,Apaseo el Alto,XIV
Guanajuato,Apaseo el Grande,XIV
Guanajuato,Atarjea,I
Guanajuato,Celaya,XII;XIII
Guanajuato,Comonfort,II
Guanajuato,Coroneo,XIV
Guanajuato,Cortazar,XIII
Guanajuato,Cuerámaro,XI
Guanajuato,Doctor Mora,II
Guanajuato,Dolores Hidalgo Cuna de la Independencia Nacional,IV
Guanajuato,Guanajuato,IV
Guanajuato,Huanímaro,XI
Guanajuato,Irapuato,IV;IX
Guanajuato,Jaral del Progreso,XIII
Guanajuato,Jerécuaro,XIV
Guanajuato,León,III;V;VI
Guanajuato,Manuel Doblado,XI
Guanajuato,Moroleón,X
Guanajuato,Ocampo,I
Guanajuato,Pénjamo,XI
Guanajuato,Pueblo Nuevo,VIII
Guanajuato,Purísima del Rincón,VII
Guanajuato,Romita,VII
Guanajuato,Salamanca,VIII
Guanajuato,Salvatierra,X
Guanajuato,San Diego de la Unión,I
Guanajuato,San Felipe,I
Guanajuato,San Francisco del Rincón,VII
Guanajuato,San José Iturbide,II
Guanajuato,San Luis de la Paz,I
Guanajuato,San Miguel de Allende,II
Guanajuato,Santa Catarina,I
Guanajuato,Santa Cruz de Juventino Rosas,VIII
Guanajuato,Santiago Maravatío,X
Guanajuato,Silao,VII
Guanajuato,Tarandacuao,XIV
Guanajuato,Tarimoro,X
Guanajuato,Tierra Blanca,II
Guanajuato,Uriangato,X
Guanajuato,Valle de Santiago,XIII
Guanajuato,Victoria,I
Guanajuato,Villagrán,VIII
Guanajuato,Xichú,I
Guanajuato,Yuriria,X
Guerrero,Acapulco de Juárez,IV;IX
Guerrero,Acatepec,V
Guerrero,Ahuacuotzingo,VI
Guerrero,Ajuchitlán del Progreso,I
Guerrero,Alcozauca de Guerrero,V
Guerrero,Alpoyeca,V
Guerrero,Apaxtla,I
Guerrero,Arcelia,I
Guerrero,Atenango del Río,VI
Guerrero,Atlamajalcingo del Monte,V
Guerrero,Atlixtac,V
Guerrero,Atoyac de Álvarez,III
Guerrero,Ayutla de los Libres,VIII;V
Guerrero,Azoyú,VIII
Guerrero,Benito Juárez,III
Guerrero,Buenavista de Cuéllar,VI
Guerrero,Chilapa de Álvarez,VI
Guerrero,Chilpancingo de los Bravo,VII
Guerrero,Coahuayutla de José María Izazaga,III
Guerrero,Cochoapa el Grande,V
Guerrero,Cocula,II
Guerrero,Copala,VIII
Guerrero,Copalillo,VI
Guerrero,Copanatoyac,V
Guerrero,Coyuca de Catalán,I;VII
Guerrero,Cuajinicuilapa,VIII
Guerrero,Cualác,VI
Guerrero,Cuetzala del Progreso,II
Guerrero,Cutzamala de Pinzón,I
Guerrero,Eduardo Neri,VI
Guerrero,Florencio Villarreal,VIII
Guerrero,General Canuto A. Neri,II
Guerrero,General Heliodoro Castillo,I
Guerrero,Huamuxtitlán,VI
Guerrero,Huitzuco de los Figueroa,VI
Guerrero,Iguala de la Independencia,II
Guerrero,Igualapa,V
Guerrero,Iliatenco,V
Guerrero,Ixcateopan de Cuauhtémoc,II
Guerrero,José Joaquín de Herrera,V
Guerrero,Juan R. Escudero,VIII
Guerrero,Juchitán,VIII
Guerrero,La Unión de Isidoro Montes de Oca,III
Guerrero,Leonardo Bravo,I
Guerrero,Malinaltepec,V
Guerrero,Marquelia,VIII
Guerrero,Mártir de Cuilapan,VI
Guerrero,Metlatónoc,V
Guerrero,Mochitlán,VII
Guerrero,Olinalá,VI
Guerrero,Ometepec,VIII
Guerrero,Pedro Ascencio Alquisiras,II
Guerrero,Petatlán,III
Guerrero,Pilcaya,II
Guerrero,Pungarabato,I
Guerrero,Quechultenango,VII
Guerrero,San Luis Acatlán,V
Guerrero,San Marcos,VIII
Guerrero,San Miguel Totolapan,I
Guerrero,Taxco de Alarcón,II
Guerrero,Tecoanapa,VIII
Guerrero,Técpan de Galeana,III
Guerrero,Teloloapan,II
Guerrero,Tepecoacuilco de Trujano,VI
Guerrero,Tetipac,II
Guerrero,Tixtla de Guerrero,VII
Guerrero,Tlacoachistlahuaca,V
Guerrero,Tlacoapa,V
Guerrero,Tlalchapa,I
Guerrero,Tlalixtaquilla de Maldonado,V
Guerrero,Tlapa de Comonfort,V
Guerrero,Tlapehuala,I
Guerrero,Xalpatláhuac,V
Guerrero,Xochihuehuetlan,VI
Guerrero,Xochistlahuaca,V
Guerrero,Zapotitlán Tablas,V
Guerrero,Zihuatanejo de Azueta,III
Guerrero,Zirándaro,I
Hidalgo,Acatlán,I
Hidalgo,Acaxochitlán,XIII
Hidalgo,Actopan,III
Hidalgo,Agua Blanca de Iturbide,IV
Hidalgo,Ajacuba,III
Hidalgo,Alfajayucan,II
Hidalgo,Almoloya,VII
Hidalgo,Apan,VII
Hidalgo,Atitalaquia,V
Hidalgo,Atlapexco,I
Hidalgo,Atotonilco de Tula,V
Hidalgo,Atotonilco el Grande,III
Hidalgo,Calnali,I
Hidalgo,Cardonal,II
Hidalgo,Chapantongo,V
Hidalgo,Chapulhuacán,II
Hidalgo,Chilcuautla,II
Hidalgo,Cuautepec de Hinojosa,VII
Hidalgo,El Arenal,III
Hidalgo,Eloxochitlán,III
Hidalgo,Emiliano Zapata,VII
Hidalgo,Epazoyucan,VII
Hidalgo,Francisco I. Madero,III
Hidalgo,Huasca de Ocampo,IV
Hidalgo,Huautla,I
Hidalgo,Huazalingo,I
Hidalgo,Huehuetla,IV
Hidalgo,Huejutla de Reyes,I
Hidalgo,Huichapan,V
Hidalgo,Ixmiquilpan,II
Hidalgo,Jacala de Ledezma,II
Hidalgo,Jaltocán,I
Hidalgo,Juárez Hidalgo,III
Hidalgo,La Misión,II
Hidalgo,Lolotla,I
Hidalgo,Metepec,IV
Hidalgo,Metztitlán,III
Hidalgo,Mineral de la Reforma,VI
Hidalgo,Mineral del Chico,III
Hidalgo,Mineral del Monte,IV
Hidalgo,Mixquiahuala de Juárez,III
Hidalgo,Molango de Escamilla,III
Hidalgo,Nicolás Flores,II
Hidalgo,Nopala de Villagrán,V
Hidalgo,Omitlán de Juárez,IV
Hidalgo,Pachuca de Soto,VI
Hidalgo,Pacula,II
Hidalgo,Pisaflores,II
Hidalgo,Progreso de Obregón,III
Hidalgo,San Agustín Metzquititlán,III
Hidalgo,San Agustín Tlaxiaca,III
Hidalgo,San Bartolo Tutotepec,IV
Hidalgo,San Felipe Orizatlán,I
Hidalgo,San Salvador,II
Hidalgo,Santiago de Anaya,II
Hidalgo,Santiago Tulantepec de Lugo Guerrero,VII
Hidalgo,Singuilucan,VII
Hidalgo,Tasquillo,II
Hidalgo,Tecozautla,II
Hidalgo,Tenango de Doria,IV
Hidalgo,Tepeapulco,VII
Hidalgo,Tepehuacán de Guerrero,I
Hidalgo,Tepeji del Río de Ocampo,V
Hidalgo,Tepetitlán,V
Hidalgo,Tetepango,III
Hidalgo,Tezontepec de Aldama,V
Hidalgo,Tianguistengo,I
Hidalgo,Tizayuca,VII
Hidalgo,Tlahuelilpan,III
Hidalgo,Tlahuiltepa,III
Hidalgo,Tlanalapa,VII
Hidalgo,Tlanchinol,I
Hidalgo,Tlaxcoapan,V
Hidalgo,Tolcayuca,VII
Hidalgo,Tula de Allende,V
Hidalgo,Tulancingo de Bravo,IV
Hidalgo,Villa de Tezontepec,VII
Hidalgo,Xochiatipan,I
Hidalgo,Xochicoatlán,III
Hidalgo,Yahualica,I
Hidalgo,Zacualtipán de Ángeles,III
Hidalgo,Zapotlán de Juárez,VII
Hidalgo,Zempoala,VII
Hidalgo,Zimapán,II
Jalisco,Acatic,III
Jalisco,Acatlán de Juárez,XVII
Jalisco,Ahualulco de Mercado,I
Jalisco,Amacueca,XIX
Jalisco,Amatitán,I
Jalisco,Ameca,XVIII
Jalisco,Arandas,III
Jalisco,Atemajac de Brizuela,XVIII
Jalisco,Atengo,V
Jalisco,Atenguillo,V
Jalisco,Atotonilco el Alto,XV
Jalisco,Atoyac,XVII
Jalisco,Autlán de Navarro,XVIII
Jalisco,Ayotlán,XV
Jalisco,Ayutla,V
Jalisco,Bolaños,I
Jalisco,Cabo Corrientes,V
Jalisco,Cañadas de Obregón,III
Jalisco,Casimiro Castillo,XVIII
Jalisco,Chapala,XVII
Jalisco,Chimaltitán,I
Jalisco,Chiquilistlán,XVIII
Jalisco,Cihuatlán,XVIII
Jalisco,Cocula,XVIII
Jalisco,Colotlán,I
Jalisco,Concepción de Buenos Aires,XVII
Jalisco,Cuautitlán de García Barragán,XVIII
Jalisco,Cuautla,V
Jalisco,Cuquío,I
Jalisco,Degollado,XV
Jalisco,Ejutla,XVIII
Jalisco,El Arenal,I
Jalisco,El Grullo,XVIII
Jalisco,El Limón,XVIII
Jalisco,El Salto,XIII
Jalisco,Encarnación de Díaz,II
Jalisco,Etzatlán,I
Jalisco,Gómez Farías,XIX
Jalisco,Guachinango,V
Jalisco,Guadalajara,VI;VIII;IX;XI;XIII;XIV
Jalisco,Hostotipaquillo,I
Jalisco,Huejúcar,I
Jalisco,Huejuquilla el Alto,I
Jalisco,Ixtlahuacán de los Membrillos,XVII
Jalisco,Ixtlahuacán del Río,I
Jalisco,Jalostotitlán,III
Jalisco,Jamay,XV
Jalisco,Jesús María,XV
Jalisco,Jilotlán de los Dolores,XIX
Jalisco,Jocotepec,XVII
Jalisco,Juanacatlán,XVII
Jalisco,Juchitlán,XVIII
Jalisco,La Barca,XV
Jalisco,La Huerta,V
Jalisco,La Manzanilla de la Paz,XVII
Jalisco,Lagos de Moreno,II
Jalisco,Magdalena,I
Jalisco,Mascota,V
Jalisco,Mazamitla,XVII
Jalisco,Mexticacán,III
Jalisco,Mezquitic,I
Jalisco,Mixtlán,V
Jalisco,Ocotlán,XV
Jalisco,Ojuelos de Jalisco,II
Jalisco,Pihuamo,XIX
Jalisco,Poncitlán,XVII
Jalisco,Puerto Vallarta,V
Jalisco,Quitupan,XVII
Jalisco,San Cristóbal de la Barranca,I
Jalisco,San Diego de Alejandría,III
Jalisco,San Gabriel,XIX
Jalisco,San Ignacio Cerro Gordo,III
Jalisco,San Juan de los Lagos,II
Jalisco,San Juanito de Escobedo,I
Jalisco,San Julián,III
Jalisco,San Marcos,I
Jalisco,San Martín de Bolaños,I
Jalisco,San Martín Hidalgo,XVIII
Jalisco,San Miguel el Alto,III
Jalisco,San Pedro Tlaquepaque,XII;XVI
Jalisco,San Sebastián del Oeste,V
Jalisco,Santa María de los Ángeles,I
Jalisco,Santa María del Oro,XIX
Jalisco,Sayula,XIX
Jalisco,Tala,I
Jalisco,Talpa de Allende,V
Jalisco,Tamazula de Gordiano,XIX
Jalisco,Tapalpa,XIX
Jalisco,Tecalitlán,XIX
Jalisco,Techaluta de Montenegro,XVII
Jalisco,Tecolotlán,XVIII
Jalisco,Tenamaxtlán,XVIII
Jalisco,Teocaltiche,II
Jalisco,Teocuitatlán de Corona,XVII
Jalisco,Tepatitlán de Morelos,III
Jalisco,Tequila,I
Jalisco,Teuchitlán,I
Jalisco,Tizapán el Alto,XVII
Jalisco,Tlajomulco de Zúñiga,XII
Jalisco,Tolimán,XIX
Jalisco,Tomatlán,V
Jalisco,Tonalá,VII
Jalisco,Tonaya,XVIII
Jalisco,Tonila,XIX
Jalisco,Totatiche,I
Jalisco,Tototlán,XV
Jalisco,Tuxcacuesco,XVIII
Jalisco,Tuxcueca,XVII
Jalisco,Tuxpan,XIX
Jalisco,Unión de San Antonio,II
Jalisco,Unión de Tula,XVIII
Jalisco,Valle de Guadalupe,III
Jalisco,Valle de Juárez,XVII
Jalisco,Villa Corona,XVIII
Jalisco,Villa Guerrero,I
Jalisco,Villa Hidalgo,II
Jalisco,Villa Purificación,V
Jalisco,Yahualica de González Gallo,III
Jalisco,Zacoalco de Torres,XVII
Jalisco,Zapopan,IV;VI;X
Jalisco,Zapotiltic,XIX
Jalisco,Zapotitlán de Vadillo,XIX
Jalisco,Zapotlán del Rey,XV
Jalisco,Zapotlán el Grande,XIX
Jalisco,Zapotlanejo,XVII
Estado de México,Acambay de Ruíz Castañeda,I
Estado de México,Acolman,V
Estado de México,Aculco,I
Estado de México,Almoloya de Alquisiras,XXXVI
Estado de México,Almoloya de Juárez,XXIII
Estado de México,Almoloya del Río,XXXV
Estado de México,Amanalco,XXIII
Estado de México,Amatepec,XXXVI
Estado de México,Amecameca,XXXIII
Estado de México,Apaxco,II
Estado de México,Atenco,V
Estado de México,Atizapán,XXXV
Estado de México,Atizapán de Zaragoza,XV;XIV;
Estado de México,Atlacomulco,III
Estado de México,Atlautla,XXXIII
Estado de México,Axapusco,V
Estado de México,Ayapango,XXXIII
Estado de México,Calimaya,XXVII
Estado de México,Capulhuac,XXXV
Estado de México,Chalco,XII;XXXIII
Estado de México,Chapa de Mota,I
Estado de México,Chapultepec,XXVII
Estado de México,Chiautla,V
Estado de México,Chicoloapan,XXXIX
Estado de México,Chiconcuac,V
Estado de México,Chimalhuacán,XXXVIII;XXV
Estado de México,Coacalco de Berriozábal,VI
Estado de México,Coatepec Harinas,XXXVI
Estado de México,Cocotitlán,XXXIII
Estado de México,Coyotepec,II
Estado de México,Cuautitlán,XXXVII
Estado de México,Cuautitlán Izcalli,IV;VII
Estado de México,Donato Guerra,XXIII
Estado de México,Ecatepec de Morelos,X;XI;XIII;XVI;XVII
Estado de México,Ecatzingo,XXXIII
Estado de México,El Oro,III
Estado de México,Huehuetoca,II
Estado de México,Hueypoxtla,XXVIII
Estado de México,Huixquilucan,XVIII
Estado de México,Isidro Fabela,XVIII
Estado de México,Ixtapaluca,XII
Estado de México,Ixtapan de la Sal,XL
Estado de México,Ixtapan del Oro,XXIII
Estado de México,Ixtlahuaca,XIX
Estado de México,Jalatlaco,
Estado de México,Jaltenco,XXXVII
Estado de México,Jilotepec,I
Estado de México,Jilotzingo,XVIII
Estado de México,Jiquipilco,I
Estado de México,Jocotitlán,III
Estado de México,Joquicingo,XXXV
Estado de México,Juchitepec,XXXIII
Estado de México,La Paz,XXXIX
Estado de México,Lerma,XVIII
Estado de México,Luvianos,XXXVI
Estado de México,Malinalco,XXXV
Estado de México,Melchor Ocampo,XXXVII
Estado de México,Metepec,XXVII
Estado de México,Mexicaltzingo,XXVII
Estado de México,Morelos,I
Estado de México,Naucalpan de Juárez,XXI;XXII;XXIV
Estado de México,Nextlalpan,XXXVII
Estado de México,Nezahualcóyotl,XXXI;XXX;XX;XXIX
Estado de México,Nicolás Romero,IV
Estado de México,Nopaltepec,V
Estado de México,Ocoyoacac,XXXV
Estado de México,Ocuilan,XXXV
Estado de México,Otumba,V
Estado de México,Otzoloapan,XXXVI
Estado de México,Otzolotepec,IX
Estado de México,Ozumba,XXXIII
Estado de México,Papalotla,V
Estado de México,Polotitlán,I
Estado de México,Rayón,XL
Estado de México,San Antonio la Isla,XXVII
Estado de México,San Felipe del Progreso,IX
Estado de México,San José del Rincón,III
Estado de México,San Martín de las Pirámides,V
Estado de México,San Mateo Atenco,XXVII
Estado de México,San Simón de Guerrero,XXXVI
Estado de México,Santo Tomás,XVI
Estado de México,Soyaniquilpan de Juárez,I
Estado de México,Sultepec,XXXVI
Estado de México,Tecámac,XXVIII
Estado de México,Tejupilco,XXXVI
Estado de México,Temamatla,XXXIII
Estado de México,Temascalapa,V
Estado de México,Temascalcingo,III
Estado de México,Temascaltepec,XXXVI
Estado de México,Temoaya,IX
Estado de México,Tenancingo,XXXV
Estado de México,Tenango del Aire,XXXIII
Estado de México,Tenango del Valle,XL
Estado de México,Teoloyucan,II
Estado de México,Teotihuacán,V
Estado de México,Tepetlaoxtoc,V
Estado de México,Tepetlixpa,XXXIII
Estado de México,Tepotzotlán,II
Estado de México,Tequixquiac,II
Estado de México,Texcaltitlán,XXXVI
Estado de México,Texcalyacac,XXXV
Estado de México,Texcoco,XXXVIII
Estado de México,Tezoyuca,V
Estado de México,Tianguistenco,XXXV
Estado de México,Timilpan,I
Estado de México,Tlalmanalco,XXXIII
Estado de México,Tlalnepantla de Baz,XVI;XV;XIX
Estado de México,Tlatlaya,XXXVI
Estado de México,Toluca,XXXIV;XXVI
Estado de México,Tonanitla,XXXVII
Estado de México,Tonatico,XL
Estado de México,Tultepec,VI
Estado de México,Tultitlán,VIII;XXXVII
Estado de México,Valle de Bravo,XXIII
Estado de México,Valle de Chalco Solidaridad,XXXII
Estado de México,Villa de Allende,XXIII
Estado de México,Villa del Carbón,II
Estado de México,Villa Guerrero,XL
Estado de México,Villa Victoria,XXIII
Estado de México,Xonacatlán,XVIII
Estado de México,Zacazonapan,XXXVI
Estado de México,Zacualpan,XXXVI
Estado de México,Zinacantepec,XL
Estado de México,Zumpahuacán,XL
Estado de México,Zumpango,XXVIII
Michoacán de Ocampo,Acuitzio,XI
Michoacán de Ocampo,Aguililla,XII
Michoacán de Ocampo,Álvaro Obregón,II
Michoacán de Ocampo,Angamacutiro,II
Michoacán de Ocampo,Angangueo,III
Michoacán de Ocampo,Apatzingán,XII
Michoacán de Ocampo,Aporo,III
Michoacán de Ocampo,Aquila,XII
Michoacán de Ocampo,Ario,I
Michoacán de Ocampo,Arteaga,I
Michoacán de Ocampo,Briseñas,IV
Michoacán de Ocampo,Buenavista,XII
Michoacán de Ocampo,Carácuaro,XI
Michoacán de Ocampo,Charapan,VII
Michoacán de Ocampo,Charo,III
Michoacán de Ocampo,Chavinda,IV
Michoacán de Ocampo,Cherán,VII
Michoacán de Ocampo,Chilchota,VII
Michoacán de Ocampo,Chinicuila,XII
Michoacán de Ocampo,Chucándiro,II
Michoacán de Ocampo,Churintzio,II
Michoacán de Ocampo,Churumuco,I
Michoacán de Ocampo,Coahuayana,XII
Michoacán de Ocampo,Coalcomán de Vázquez Pallares,XII
Michoacán de Ocampo,Coeneo,VII
Michoacán de Ocampo,Cojumatlán de Régules,IV
Michoacán de Ocampo,Contepec,VI
Michoacán de Ocampo,Copándaro,II
Michoacán de Ocampo,Cotija,IV
Michoacán de Ocampo,Cuitzeo,II
Michoacán de Ocampo,Ecuandureo,V
Michoacán de Ocampo,Epitacio Huerta,VI
Michoacán de Ocampo,Erongarícuaro,VII
Michoacán de Ocampo,Gabriel Zamora,IX
Michoacán de Ocampo,Hidalgo,VI
Michoacán de Ocampo,Huandacareo,II
Michoacán de Ocampo,Huaniqueo,II
Michoacán de Ocampo,Huetamo,XI
Michoacán de Ocampo,Huiramba,XI
Michoacán de Ocampo,Indaparapeo,III
Michoacán de Ocampo,Irimbo,VI
Michoacán de Ocampo,Ixtlán,V
Michoacán de Ocampo,Jacona,IV
Michoacán de Ocampo,Jiménez,II
Michoacán de Ocampo,Jiquilpan,IV
Michoacán de Ocampo,José Sixto Verduzco,II
Michoacán de Ocampo,Juárez,III
Michoacán de Ocampo,Jungapeo,III
Michoacán de Ocampo,La Huacana,I
Michoacán de Ocampo,La Piedad,V
Michoacán de Ocampo,Lagunillas,XI
Michoacán de Ocampo,Lázaro Cárdenas,I
Michoacán de Ocampo,Los Reyes,VII
Michoacán de Ocampo,Madero,XI
Michoacán de Ocampo,Maravatío,VI
Michoacán de Ocampo,Marcos Castellanos,IV
Michoacán de Ocampo,Morelia,II;VIII;X
Michoacán de Ocampo,Morelos,II
Michoacán de Ocampo,Múgica,I
Michoacán de Ocampo,Nahuatzen,VII
Michoacán de Ocampo,Nocupétaro,XI
Michoacán de Ocampo,Nuevo Parangaricutiro,IX
Michoacán de Ocampo,Nuevo Urecho,I
Michoacán de Ocampo,Numarán,II
Michoacán de Ocampo,Ocampo,III
Michoacán de Ocampo,Pajacuarán,IV
Michoacán de Ocampo,Panindícuaro,II
Michoacán de Ocampo,Paracho,VII
Michoacán de Ocampo,Parácuaro,XII
Michoacán de Ocampo,Pátzcuaro,XI
Michoacán de Ocampo,Penjamillo,II
Michoacán de Ocampo,Peribán,XII
Michoacán de Ocampo,Purépero,VII
Michoacán de Ocampo,Puruándiro,II
Michoacán de Ocampo,Queréndaro,VI
Michoacán de Ocampo,Quiroga,VII
Michoacán de Ocampo,Sahuayo,IV
Michoacán de Ocampo,Salvador Escalante,XI
Michoacán de Ocampo,San Lucas,XI
Michoacán de Ocampo,Santa Ana Maya,II
Michoacán de Ocampo,Senguio,VI
Michoacán de Ocampo,Susupuato,III
Michoacán de Ocampo,Tacámbaro,XI
Michoacán de Ocampo,Tancítaro,XII
Michoacán de Ocampo,Tangamandapio,IV
Michoacán de Ocampo,Tangancícuaro,VII
Michoacán de Ocampo,Tanhuato,V
Michoacán de Ocampo,Taretan,IX
Michoacán de Ocampo,Tarímbaro,II
Michoacán de Ocampo,Tepalcatepec,XII
Michoacán de Ocampo,Tingambato,IX
Michoacán de Ocampo,Tinguindín,IV
Michoacán de Ocampo,Tiquicheo de Nicolás Romero,III
Michoacán de Ocampo,Tlalpujahua,VI
Michoacán de Ocampo,Tlazazalca,II
Michoacán de Ocampo,Tocumbo,IV
Michoacán de Ocampo,Tumbiscatío,I
Michoacán de Ocampo,Turicato,XI
Michoacán de Ocampo,Tuxpan,III
Michoacán de Ocampo,Tuzantla,III
Michoacán de Ocampo,Tzintzuntzan,XI
Michoacán de Ocampo,Tzitzio,III
Michoacán de Ocampo,Uruapan,IX
Michoacán de Ocampo,Venustiano Carranza,IV
Michoacán de Ocampo,Villamar,IV
Michoacán de Ocampo,Vista Hermosa,V
Michoacán de Ocampo,Yurécuaro,V
Michoacán de Ocampo,Zacapu,VII
Michoacán de Ocampo,Zamora,V
Michoacán de Ocampo,Zináparo,II
Michoacán de Ocampo,Zinapécuaro,VI
Michoacán de Ocampo,Ziracuaretiro,IX
Michoacán de Ocampo,Zitácuaro,III
Morelos,Amacuzac,IV
Morelos,Atlatlahucan,III
Morelos,Axochiapan,V
Morelos,Ayala,V
Morelos,Coatlán del Río,IV
Morelos,Cuautla,III
Morelos,Cuernavaca,I;II
Morelos,Emiliano Zapata,II
Morelos,Huitzilac,III
Morelos,Jantetelco,V
Morelos,Jiutepec,II
Morelos,Jojutla,IV
Morelos,Jonacatepec,V
Morelos,Mazatepec,IV
Morelos,Miacatlán,IV
Morelos,Ocuituco,III
Morelos,Puente de Ixtla,IV
Morelos,Temixco,II
Morelos,Temoac,V
Morelos,Tepalcingo,V
Morelos,Tepoztlán,III
Morelos,Tetecala,IV
Morelos,Tetela del Volcán,III
Morelos,Tlalnepantla,III
Morelos,Tlaltizapán de Zapata,V
Morelos,Tlaquiltenango,IV
Morelos,Tlayacapan,III
Morelos,Totolapan,III
Morelos,Xochitepec,IV
Morelos,Yautepec,V
Morelos,Yecapixtla,III
Morelos,Zacatepec,IV
Morelos,Zacualpan,V
Nayarit,Acaponeta,I
Nayarit,Ahuacatlán,III
Nayarit,Amatlán de Cañas,III
Nayarit,Bahía de Banderas,III
Nayarit,Compostela,III
Nayarit,Del Nayar,I
Nayarit,Huajicori,I
Nayarit,Ixtlán del Río,III
Nayarit,Jala,III
Nayarit,La Yesca,III
Nayarit,Rosamorada,I
Nayarit,Ruíz,I
Nayarit,San Blas,III
Nayarit,San Pedro Lagunillas,III
Nayarit,Santa María del Oro,III
Nayarit,Santiago Ixcuintla,I
Nayarit,Tecuala,I
Nayarit,Tepic,II
Nayarit,Tuxpan,I
Nayarit,Xalisco,III
Nuevo León,Abasolo,XII
Nuevo León,Agualeguas,XII
Nuevo León,Allende,IX
Nuevo León,Anáhuac,XII
Nuevo León,Apodaca,II
Nuevo León,Aramberri,IX
Nuevo León,Bustamante,XII
Nuevo León,Cadereyta Jiménez,XII
Nuevo León,Cerralvo,XII
Nuevo León,China,IX
Nuevo León,Ciénega de Flores,XII
Nuevo León,Doctor Arroyo,IX
Nuevo León,Doctor Coss,IX
Nuevo León,Doctor González,XII
Nuevo León,El Carmen,XII;III
Nuevo León,Galeana,IX
Nuevo León,García,XII
Nuevo León,General Bravo,IX
Nuevo León,General Escobedo,III
Nuevo León,General Terán,IX
Nuevo León,General Treviño,IX
Nuevo León,General Zaragoza,XII
Nuevo León,General Zuazua,XII
Nuevo León,Guadalupe,VIII;XI
Nuevo León,Hidalgo,XII
Nuevo León,Higueras,XII
Nuevo León,Hualahuises,IX
Nuevo León,Iturbide,IX
Nuevo León,Juárez,XII
Nuevo León,Lampazos de Naranjo,XII
Nuevo León,Linares,IX
Nuevo León,Los Aldamas,XII
Nuevo León,Los Herreras,XII
Nuevo León,Los Ramones,XII
Nuevo León,Marín,XII
Nuevo León,Melchor Ocampo,XII
Nuevo León,Mier y Noriega,IX
Nuevo León,Mina,XII
Nuevo León,Montemorelos,IX
Nuevo León,Monterrey,V;VI;VII;X;
Nuevo León,Parás,XII
Nuevo León,Pesquería,XII
Nuevo León,Rayones,IX
Nuevo León,Sabinas Hidalgo,XII
Nuevo León,Salinas Victoria,XII
Nuevo León,San Nicolás de los Garza,III;IV
Nuevo León,San Pedro Garza García,I
Nuevo León,Santa Catarina,I
Nuevo León,Santiago,IX
Nuevo León,Vallecillo,XII
Nuevo León,Villaldama,IV
Oaxaca,Abejones,IV
Oaxaca,Acatlán de Pérez Figueroa,I
Oaxaca,Ánimas Trujano,IX
Oaxaca,Asunción Cacalotepec,IV
Oaxaca,Asunción Cuyotepeji,III
Oaxaca,Asunción Ixtaltepec,V
Oaxaca,Asunción Nochixtlán,III
Oaxaca,Asunción Ocotlán,IV
Oaxaca,Asunción Tlacolulita,V
Oaxaca,Ayoquezco de Aldama,IX
Oaxaca,Ayotzintepec,I
Oaxaca,Calihualá,VI
Oaxaca,Candelaria Loxicha,X
Oaxaca,Capulálpam de Méndez,IV
Oaxaca,Chahuites,VII
Oaxaca,Chalcatongo de Hidalgo,VI
Oaxaca,Chiquihuitlán de Benito Juárez,II
Oaxaca,Ciénega de Zimatlán,IX
Oaxaca,Ciudad Ixtepec,V
Oaxaca,Coatecas Altas,IX
Oaxaca,Coicoyán de las Flores,VI
Oaxaca,Concepción Buenavista,III
Oaxaca,Concepción Pápalo,II
Oaxaca,Constancia del Rosario,VI
Oaxaca,Cosolapa,I
Oaxaca,Cosoltepec,III
Oaxaca,Cuilápam de Guerrero,IX
Oaxaca,Cuyamecalco Villa de Zaragoza,II
Oaxaca,El Barrio de la Soledad,V
Oaxaca,El Espinal,VII
Oaxaca,Eloxochitlán de Flores Magón,II
Oaxaca,Fresnillo de Trujano,VI
Oaxaca,Guadalupe de Ramírez,VI
Oaxaca,Guadalupe Etla,III
Oaxaca,Guelatao de Juárez,IV
Oaxaca,Guevea de Humboldt,V
Oaxaca,Heroica Ciudad de Ejutla de Crespo,IX
Oaxaca,Heroica Ciudad de Huajuapan de León,III
Oaxaca,Heroica Ciudad de Juchitán de Zaragoza,VII
Oaxaca,Heroica Ciudad de Tlaxiaco,VI
Oaxaca,"Heroica Villa Tezoatlán de Segura y Luna, Cuna de la Independencia de Oaxaca",
Oaxaca,Huautepec,II
Oaxaca,Huautla de Jiménez,II
Oaxaca,Ixpantepec Nieves,VI
Oaxaca,Ixtlán de Juárez,IV
Oaxaca,La Compañía,IX
Oaxaca,La Pe,IX
Oaxaca,La Reforma,XI
Oaxaca,La Trinidad Vista Hermosa,III
Oaxaca,Loma Bonita,I
Oaxaca,Magdalena Apasco,III
Oaxaca,Magdalena Jaltepec,III
Oaxaca,Magdalena Mixtepec,IX
Oaxaca,Magdalena Ocotlán,IX
Oaxaca,Magdalena Peñasco,VI
Oaxaca,Magdalena Teitipac,IV
Oaxaca,Magdalena Tequisistlán,V
Oaxaca,Magdalena Tlacotepec,V
Oaxaca,Magdalena Yodocono de Porfirio Díaz,III
Oaxaca,Magdalena Zahuatlán,III
Oaxaca,Mariscala de Juárez,VI
Oaxaca,Mártires de Tacubaya,XI
Oaxaca,Matías Romero Avendaño,VII
Oaxaca,Mazatlán Villa de Flores,II
Oaxaca,Mesones Hidalgo,VI
Oaxaca,Miahuatlán de Porfirio Díaz,XI
Oaxaca,Mixistlán de la Reforma,IV
Oaxaca,Monjas,XI
Oaxaca,Natividad,IV
Oaxaca,Nazareno Etla,III
Oaxaca,Nejapa de Madero,XI
Oaxaca,Nuevo Zoquiápam,IV
Oaxaca,Oaxaca de Juárez,VIII
Oaxaca,Ocotlán de Morelos,IV
Oaxaca,Pinotepa de Don Luis,XI
Oaxaca,Pluma Hidalgo,X
Oaxaca,Putla Villa de Guerrero,VI
Oaxaca,Reforma de Pineda,VII
Oaxaca,Reyes Etla,III
Oaxaca,Rojas de Cuauhtémoc,IV
Oaxaca,Salina Cruz,V
Oaxaca,San Agustín Amatengo,IX
Oaxaca,San Agustín Atenango,VI
Oaxaca,San Agustín Chayuco,XI
Oaxaca,San Agustín de las Juntas,IX
Oaxaca,San Agustín Etla,III
Oaxaca,San Agustín Loxicha,X
Oaxaca,San Agustín Tlacotepec,VI
Oaxaca,San Agustín Yatareni,IV
Oaxaca,San Andrés Cabecera Nueva,VI
Oaxaca,San Andrés Dinicuiti,III
Oaxaca,San Andrés Huaxpaltepec,XI
Oaxaca,San Andrés Huayápam,IV
Oaxaca,San Andrés Ixtlahuaca,III
Oaxaca,San Andrés Lagunas,III
Oaxaca,San Andrés Nuxiño,III
Oaxaca,San Andrés Paxtlán,X
Oaxaca,San Andrés Sinaxtla,III
Oaxaca,San Andrés Solaga,IV
Oaxaca,San Andrés Teotilálpam,II
Oaxaca,San Andrés Tepetlapa,VI
Oaxaca,San Andrés Yaá,IV
Oaxaca,San Andrés Zabache,IX
Oaxaca,San Andrés Zautla,III
Oaxaca,San Antonino Castillo Velasco,IV
Oaxaca,San Antonino el Alto,IX
Oaxaca,San Antonino Monte Verde,VI
Oaxaca,San Antonio Acutla,III
Oaxaca,San Antonio de la Cal,IX
Oaxaca,San Antonio Huitepec,IX
Oaxaca,San Antonio Nanahuatípam,II
Oaxaca,San Antonio Sinicahua,VI
Oaxaca,San Antonio Tepetlapa,XI
Oaxaca,San Baltazar Chichicápam,IV
Oaxaca,San Baltazar Loxicha,X
Oaxaca,San Baltazar Yatzachi el Bajo,IV
Oaxaca,San Bartolo Coyotepec,IX
Oaxaca,San Bartolo Soyaltepec,III
Oaxaca,San Bartolo Yautepec,X
Oaxaca,San Bartolomé Ayautla,II
Oaxaca,San Bartolomé Loxicha,X
Oaxaca,San Bartolomé Quialana,IV
Oaxaca,San Bartolomé Yucuañe,III
Oaxaca,San Bartolomé Zoogocho,IV
Oaxaca,San Bernardo Mixtepec,IX
Oaxaca,San Blas Atempa,V
Oaxaca,San Carlos Yautepec,X
Oaxaca,San Cristóbal Amatlán,X
Oaxaca,San Cristóbal Amoltepec,VI
Oaxaca,San Cristóbal Lachirioag,IV
Oaxaca,San Cristóbal Suchixtlahuaca,III
Oaxaca,San Dionisio del Mar,VII
Oaxaca,San Dionisio Ocotepec,IV
Oaxaca,San Dionisio Ocotlán,IV
Oaxaca,San Esteban Atatlahuca,VI
Oaxaca,San Felipe Jalapa de Díaz,II
Oaxaca,San Felipe Tejalápam,III
Oaxaca,San Felipe Usila,II
Oaxaca,San Francisco Cahuacuá,IX
Oaxaca,San Francisco Cajonos,IX
Oaxaca,San Francisco Chapulapa,II
Oaxaca,San Francisco Chindúa,III
Oaxaca,San Francisco del Mar,VII
Oaxaca,San Francisco Huehuetlán,II
Oaxaca,San Francisco Ixhuatán,VII
Oaxaca,San Francisco Jaltepetongo,III
Oaxaca,San Francisco Lachigoló,IV
Oaxaca,San Francisco Logueche,X
Oaxaca,San Francisco Nuxaño,III
Oaxaca,San Francisco Ozolotepec,X
Oaxaca,San Francisco Sola,IX
Oaxaca,San Francisco Telixtlahuaca,III
Oaxaca,San Francisco Teopan,III
Oaxaca,San Francisco Tlapancingo,VI
Oaxaca,San Gabriel Mixtepec,XI
Oaxaca,San Ildefonso Amatlán,X
Oaxaca,San Ildefonso Sola,IX
Oaxaca,San Ildefonso Villa Alta,IV
Oaxaca,San Jacinto Amilpas,VIII
Oaxaca,San Jacinto Tlacotepec,IX
Oaxaca,San Jerónimo Coatlán,X
Oaxaca,San Jerónimo Silacayoapilla,III
Oaxaca,San Jerónimo Sosola,III
Oaxaca,San Jerónimo Taviche,IV
Oaxaca,San Jerónimo Tecóatl,II
Oaxaca,San Jerónimo Tlacochahuaya,IV
Oaxaca,San Jorge Nuchita,VI
Oaxaca,San José Ayuquila,III
Oaxaca,San José Chiltepec,I
Oaxaca,San José del Peñasco,X
Oaxaca,San José del Progreso,IX
Oaxaca,San José Estancia Grande,XI
Oaxaca,San José Independencia,II
Oaxaca,San José Lachiguiri,X
Oaxaca,San José Tenango,II
Oaxaca,San Juan Achiutla,III
Oaxaca,San Juan Atepec,IV
Oaxaca,San Juan Bautista Atatlahuca,II
Oaxaca,San Juan Bautista Coixtlahuaca,III
Oaxaca,San Juan Bautista Cuicatlán,II
Oaxaca,San Juan Bautista Guelache,III
Oaxaca,San Juan Bautista Jayacatlán,III
Oaxaca,San Juan Bautista Lo de Soto,XI
Oaxaca,San Juan Bautista Suchitepec,III
Oaxaca,San Juan Bautista Tlachichilco,VI
Oaxaca,San Juan Bautista Tlacoatzintepec,II
Oaxaca,San Juan Bautista Tuxtepec,I
Oaxaca,San Juan Bautista Valle Nacional,II
Oaxaca,San Juan Cacahuatepec,XI
Oaxaca,San Juan Chicomezúchil,IV
Oaxaca,San Juan Chilateca,IV
Oaxaca,San Juan Cieneguilla,VI
Oaxaca,San Juan Coatzóspam,II
Oaxaca,San Juan Colorado,XI
Oaxaca,San Juan Comaltepec,IV
Oaxaca,San Juan Cotzocón,VII
Oaxaca,San Juan de los Cués,II
Oaxaca,San Juan del Estado,III
Oaxaca,San Juan del Río,IV
Oaxaca,San Juan Diuxi,III
Oaxaca,San Juan Evangelista Analco,IV
Oaxaca,San Juan Guelavía,IV
Oaxaca,San Juan Guichicovi,VII
Oaxaca,San Juan Ihualtepec,VI
Oaxaca,San Juan Juquila Mixes,IV
Oaxaca,San Juan Juquila Vijanos,IV
Oaxaca,San Juan Lachao,XI
Oaxaca,San Juan Lachigalla,IX
Oaxaca,San Juan Lajarcia,X
Oaxaca,San Juan Lalana,VII
Oaxaca,San Juan Mazatlán,VII
Oaxaca,San Juan Mixtepec -Dto. 08 -,VI;X
Oaxaca,San Juan Mixtepec -Dto. 26 -,VI;X
Oaxaca,San Juan Ñumí,VI
Oaxaca,San Juan Ozolotepec,X
Oaxaca,San Juan Petlapa,IV
Oaxaca,San Juan Quiahije,XI
Oaxaca,San Juan Quiotepec,IV
Oaxaca,San Juan Sayultepec,III
Oaxaca,San Juan Tabaá,IV
Oaxaca,San Juan Tamazola,III
Oaxaca,San Juan Teita,VI
Oaxaca,San Juan Teitipac,IV
Oaxaca,San Juan Tepeuxila,II
Oaxaca,San Juan Teposcolula,III
Oaxaca,San Juan Yaeé,IV
Oaxaca,San Juan Yatzona,IV
Oaxaca,San Juan Yucuita,III
Oaxaca,San Lorenzo,XI
Oaxaca,San Lorenzo Albarradas,IV
Oaxaca,San Lorenzo Cacaotepec,III
Oaxaca,San Lorenzo Cuaunecuiltitla,II
Oaxaca,San Lorenzo Texmelúcan,IX
Oaxaca,San Lorenzo Victoria,VI
Oaxaca,San Lucas Camotlán,IV
Oaxaca,San Lucas Ojitlán,II
Oaxaca,San Lucas Quiaviní,IV
Oaxaca,San Lucas Zoquiápam,II
Oaxaca,San Luis Amatlán,X
Oaxaca,San Marcial Ozolotepec,X
Oaxaca,San Marcos Arteaga,VI
Oaxaca,San Martín de los Cansecos,IX
Oaxaca,San Martín Huamelúlpam,III
Oaxaca,San Martín Itunyoso,VI
Oaxaca,San Martín Lachilá,IX
Oaxaca,San Martín Peras,VI
Oaxaca,San Martín Tilcajete,IV
Oaxaca,San Martín Toxpalan,II
Oaxaca,San Martín Zacatepec,VI
Oaxaca,San Mateo Cajonos,IV
Oaxaca,San Mateo del Mar,V
Oaxaca,San Mateo Etlatongo,III
Oaxaca,San Mateo Nejápam,VI
Oaxaca,San Mateo Peñasco,VI
Oaxaca,San Mateo Piñas,X
Oaxaca,San Mateo Río Hondo,X
Oaxaca,San Mateo Sindihui,III
Oaxaca,San Mateo Tlapiltepec,III
Oaxaca,San Mateo Yoloxochitlán,II
Oaxaca,San Mateo Yucutindó,IX
Oaxaca,San Melchor Betaza,IV
Oaxaca,San Miguel Achiutla,III
Oaxaca,San Miguel Ahuehuetitlán,VI
Oaxaca,San Miguel Aloápam,IV
Oaxaca,San Miguel Amatitlán,III
Oaxaca,San Miguel Amatlán,IV
Oaxaca,San Miguel Chicahua,III
Oaxaca,San Miguel Chimalapa,VII
Oaxaca,San Miguel Coatlán,X
Oaxaca,San Miguel del Puerto,X
Oaxaca,San Miguel del Río,IV
Oaxaca,San Miguel Ejutla,IX
Oaxaca,San Miguel el Grande,IV
Oaxaca,San Miguel Huautla,III
Oaxaca,San Miguel Mixtepec,IX
Oaxaca,San Miguel Panixtlahuaca,XI
Oaxaca,San Miguel Peras,IX
Oaxaca,San Miguel Piedras,III
Oaxaca,San Miguel Quetzaltepec,IX
Oaxaca,San Miguel Santa Flor,II
Oaxaca,San Miguel Soyaltepec,I
Oaxaca,San Miguel Suchixtepec,X
Oaxaca,San Miguel Tecomatlán,III
Oaxaca,San Miguel Tenango,V
Oaxaca,San Miguel Tequixtepec,III
Oaxaca,San Miguel Tilquiápam,IV
Oaxaca,San Miguel Tlacamama,XI
Oaxaca,San Miguel Tlacotepec,VI
Oaxaca,San Miguel Tulancingo,III
Oaxaca,San Miguel Yotao,IV
Oaxaca,San Nicolás,IX
Oaxaca,San Nicolás Hidalgo,VI
Oaxaca,San Pablo Coatlán,VI
Oaxaca,San Pablo Cuatro Venados,X
Oaxaca,San Pablo Etla,IX
Oaxaca,San Pablo Huitzo,III
Oaxaca,San Pablo Huixtepec,III
Oaxaca,San Pablo Macuiltianguis,IX
Oaxaca,San Pablo Tijaltepec,IV
Oaxaca,San Pablo Villa de Mitla,VI
Oaxaca,San Pablo Yaganiza,IV
Oaxaca,San Pedro Amuzgos,XI
Oaxaca,San Pedro Apóstol,IV
Oaxaca,San Pedro Atoyac,XI
Oaxaca,San Pedro Cajonos,IV
Oaxaca,San Pedro Comitancillo,V
Oaxaca,San Pedro Coxcaltepec Cántaros,III
Oaxaca,San Pedro el Alto,X
Oaxaca,San Pedro Huamelula,V
Oaxaca,San Pedro Huilotepec,V
Oaxaca,San Pedro Ixcatlán,II
Oaxaca,San Pedro Ixtlahuaca,III
Oaxaca,San Pedro Jaltepetongo,II
Oaxaca,San Pedro Jicayán,XI
Oaxaca,San Pedro Jocotipac,II
Oaxaca,San Pedro Juchatengo,XI
Oaxaca,San Pedro Mártir,IV
Oaxaca,San Pedro Mártir Quiechapa,X
Oaxaca,San Pedro Mártir Yucuxaco,III
Oaxaca,San Pedro Mixtepec -Dto. 22 -,X;XI
Oaxaca,San Pedro Mixtepec -Dto. 26 -,X;XI
Oaxaca,San Pedro Molinos,VI
Oaxaca,San Pedro Nopala,III
Oaxaca,San Pedro Ocopetatillo,II
Oaxaca,San Pedro Ocotepec,IV
Oaxaca,San Pedro Pochutla,X
Oaxaca,San Pedro Quiatoni,IV
Oaxaca,San Pedro Sochiápam,II
Oaxaca,San Pedro Tapanatepec,VII
Oaxaca,San Pedro Taviche,IX
Oaxaca,San Pedro Teozacoalco,III
Oaxaca,San Pedro Teutila,II
Oaxaca,San Pedro Tidaá,III
Oaxaca,San Pedro Topiltepec,III
Oaxaca,San Pedro Totolápam,X
Oaxaca,San Pedro y San Pablo Ayutla,IV
Oaxaca,San Pedro y San Pablo Teposcolula,III
Oaxaca,San Pedro y San Pablo Tequixtepec,III
Oaxaca,San Pedro Yaneri,IV
Oaxaca,San Pedro Yólox,IV
Oaxaca,San Pedro Yucunama,III
Oaxaca,San Raymundo Jalpan,VIII
Oaxaca,San Sebastián Abasolo,IV
Oaxaca,San Sebastián Coatlán,X
Oaxaca,San Sebastián Ixcapa,XI
Oaxaca,San Sebastián Nicananduta,VI
Oaxaca,San Sebastián Río Hondo,X
Oaxaca,San Sebastián Tecomaxtlahuaca,VI
Oaxaca,San Sebastián Teitipac,IV
Oaxaca,San Sebastián Tutla,IX
Oaxaca,San Simón Almolongas,X
Oaxaca,San Simón Zahuatlán,VI
Oaxaca,San Vicente Coatlán,IV
Oaxaca,San Vicente Lachixío,IV
Oaxaca,San Vicente Nuñú,III
Oaxaca,Santa Ana,X
Oaxaca,Santa Ana Ateixtlahuaca,II
Oaxaca,Santa Ana Cuauhtémoc,II
Oaxaca,Santa Ana del Valle,IV
Oaxaca,Santa Ana Tavela,X
Oaxaca,Santa Ana Tlapacoyan,IX
Oaxaca,Santa Ana Yareni,IV
Oaxaca,Santa Ana Zegache,IV
Oaxaca,Santa Catalina Quierí,X
Oaxaca,Santa Catarina Cuixtla,X
Oaxaca,Santa Catarina Ixtepeji,IV
Oaxaca,Santa Catarina Juquila,XI
Oaxaca,Santa Catarina Lachatao,IV
Oaxaca,Santa Catarina Loxicha,X
Oaxaca,Santa Catarina Mechoacán,XI
Oaxaca,Santa Catarina Minas,IV
Oaxaca,Santa Catarina Quiané,IX
Oaxaca,Santa Catarina Quioquitani,X
Oaxaca,Santa Catarina Tayata,III
Oaxaca,Santa Catarina Ticuá,VI
Oaxaca,Santa Catarina Yosonotú,Vi
Oaxaca,Santa Catarina Zapoquila,III
Oaxaca,Santa Cruz Acatepec,II
Oaxaca,Santa Cruz Amilpas,IX
Oaxaca,Santa Cruz de Bravo,VI
Oaxaca,Santa Cruz Itundujia,VI
Oaxaca,Santa Cruz Mixtepec,IX
Oaxaca,Santa Cruz Nundaco,VI
Oaxaca,Santa Cruz Papalutla,IV
Oaxaca,Santa Cruz Tacache de Mina,VI
Oaxaca,Santa Cruz Tacahua,VI
Oaxaca,Santa Cruz Tayata,III
Oaxaca,Santa Cruz Xitla,X
Oaxaca,Santa Cruz Xoxocotlán,VIII
Oaxaca,Santa Cruz Zenzontepec,IX
Oaxaca,Santa Gertrudis,IX
Oaxaca,Santa Inés de Zaragoza,III
Oaxaca,Santa Inés del Monte,IX
Oaxaca,Santa Inés Yatzeche,IV
Oaxaca,Santa Lucía del Camino,IX
Oaxaca,Santa Lucía Miahuatlán,X
Oaxaca,Santa Lucía Monteverde,VI
Oaxaca,Santa Lucía Ocotlán,IV
Oaxaca,Santa Magdalena Jicotlán,III
Oaxaca,Santa María Alotepec,IV
Oaxaca,Santa María Apazco,III
Oaxaca,Santa María Atzompa,III
Oaxaca,Santa María Camotlán,III
Oaxaca,Santa María Chachoápam,III
Oaxaca,Santa María Chilchotla,II
Oaxaca,Santa María Chimalapa,VII
Oaxaca,Santa María Colotepec,XI
Oaxaca,Santa María Cortijo,XI
Oaxaca,Santa María Coyotepec,IX
Oaxaca,Santa María del Rosario,III
Oaxaca,Santa María del Tule,IV
Oaxaca,Santa María Ecatepec,X
Oaxaca,Santa María Guelacé,IV
Oaxaca,Santa María Guienagati,V
Oaxaca,Santa María Huatulco,X
Oaxaca,Santa María Huazolotitlán,XI
Oaxaca,Santa María Ipalapa,XI
Oaxaca,Santa María Ixcatlán,II
Oaxaca,Santa María Jacatepec,I
Oaxaca,Santa María Jalapa del Marqués,V
Oaxaca,Santa María Jaltianguis,IV
Oaxaca,Santa María la Asunción,II
Oaxaca,Santa María Lachixío,IX
Oaxaca,Santa María Mixtequilla,V
Oaxaca,Santa María Nativitas,III
Oaxaca,Santa María Nduayaco,III
Oaxaca,Santa María Ozolotepec,X
Oaxaca,Santa María Pápalo,II
Oaxaca,Santa María Peñoles,III
Oaxaca,Santa María Petapa,VII
Oaxaca,Santa María Quiegolani,X
Oaxaca,Santa María Sola,IX
Oaxaca,Santa María Tataltepec,III
Oaxaca,Santa María Tecomavaca,II
Oaxaca,Santa María Temaxcalapa,IV
Oaxaca,Santa María Temaxcaltepec,XI
Oaxaca,Santa María Teopoxco,II
Oaxaca,Santa María Tepantlali,IV
Oaxaca,Santa María Texcatitlán,II
Oaxaca,Santa María Tlahuitoltepec,IV
Oaxaca,Santa María Tlalixtac,II
Oaxaca,Santa María Tonameca,X
Oaxaca,Santa María Totolapilla,V
Oaxaca,Santa María Xadani,V
Oaxaca,Santa María Yalina,IV
Oaxaca,Santa María Yavesía,IV
Oaxaca,Santa María Yolotepec,VI
Oaxaca,Santa María Yosoyúa,VI
Oaxaca,Santa María Yucuhiti,VI
Oaxaca,Santa María Zacatepec,VI
Oaxaca,Santa María Zaniza,IX
Oaxaca,Santa María Zoquitlán,X
Oaxaca,Santiago Amoltepec,VI
Oaxaca,Santiago Apoala,III
Oaxaca,Santiago Apóstol,IV
Oaxaca,Santiago Astata,V
Oaxaca,Santiago Atitlán,IV
Oaxaca,Santiago Ayuquililla,III
Oaxaca,Santiago Cacaloxtepec,VI
Oaxaca,Santiago Camotlán,IV
Oaxaca,Santiago Chazumba,III
Oaxaca,Santiago Choápam,VII
Oaxaca,Santiago Comaltepec,IV
Oaxaca,Santiago del Río,VI
Oaxaca,Santiago Huajolotitlán,III
Oaxaca,Santiago Huauclilla,III
Oaxaca,Santiago Ihuitlán Plumas,III
Oaxaca,Santiago Ixcuintepec,V
Oaxaca,Santiago Ixtayutla,XI
Oaxaca,Santiago Jamiltepec,XI
Oaxaca,Santiago Jocotepec,I
Oaxaca,Santiago Juxtlahuaca,VI
Oaxaca,Santiago Lachiguiri,V
Oaxaca,Santiago Lalopa,IV
Oaxaca,Santiago Laollaga,V
Oaxaca,Santiago Laxopa,IV
Oaxaca,Santiago Llano Grande,XI
Oaxaca,Santiago Matatlán,IV
Oaxaca,Santiago Miltepec,III
Oaxaca,Santiago Minas,IX
Oaxaca,Santiago Nacaltepec,III
Oaxaca,Santiago Nejapilla,III
Oaxaca,Santiago Niltepec,VII
Oaxaca,Santiago Nundiche,VI
Oaxaca,Santiago Nuyoó,VI
Oaxaca,Santiago Pinotepa Nacional,XI
Oaxaca,Santiago Suchilquitongo,III
Oaxaca,Santiago Tamazola,VI
Oaxaca,Santiago Tapextla,XI
Oaxaca,Santiago Tenango,III
Oaxaca,Santiago Tepetlapa,III
Oaxaca,Santiago Tetepec,XI
Oaxaca,Santiago Texcalcingo,II
Oaxaca,Santiago Textitlán,IX
Oaxaca,Santiago Tilantongo,III
Oaxaca,Santiago Tillo,III
Oaxaca,Santiago Tlazoyaltepec,III
Oaxaca,Santiago Xanica,X
Oaxaca,Santiago Xiacuí,IV
Oaxaca,Santiago Yaitepec,XI
Oaxaca,Santiago Yaveo,VII
Oaxaca,Santiago Yolomécatl,III
Oaxaca,Santiago Yosondúa,VI
Oaxaca,Santiago Yucuyachi,VI
Oaxaca,Santiago Zacatepec,IV
Oaxaca,Santiago Zoochila,IV
Oaxaca,Santo Domingo Albarradas,IV
Oaxaca,Santo Domingo Armenta,XI
Oaxaca,Santo Domingo Chihuitán,V
Oaxaca,Santo Domingo de Morelos,X
Oaxaca,Santo Domingo Ingenio,VII
Oaxaca,Santo Domingo Ixcatlán,VI
Oaxaca,Santo Domingo Nuxaá,III
Oaxaca,Santo Domingo Ozolotepec,X
Oaxaca,Santo Domingo Petapa,V
Oaxaca,Santo Domingo Roayaga,IV
Oaxaca,Santo Domingo Tehuantepec,V
Oaxaca,Santo Domingo Teojomulco,IX
Oaxaca,Santo Domingo Tepuxtepec,IV
Oaxaca,Santo Domingo Tlatayápam,III
Oaxaca,Santo Domingo Tomaltepec,IV
Oaxaca,Santo Domingo Tonalá,VI
Oaxaca,Santo Domingo Tonaltepec,III
Oaxaca,Santo Domingo Xagacía,IV
Oaxaca,Santo Domingo Yanhuitlán,III
Oaxaca,Santo Domingo Yodohino,III
Oaxaca,Santo Domingo Zanatepec,VII
Oaxaca,Santo Tomás Jalieza,IV
Oaxaca,Santo Tomás Mazaltepec,III
Oaxaca,Santo Tomás Ocotepec,VI
Oaxaca,Santo Tomás Tamazulapan,X
Oaxaca,Santos Reyes Nopala,XI
Oaxaca,Santos Reyes Pápalo,II
Oaxaca,Santos Reyes Tepejillo,VI
Oaxaca,Santos Reyes Yucuná,VI
Oaxaca,Silacayoápam,VI
Oaxaca,Sitio de Xitlapehua,X
Oaxaca,Soledad Etla,III
Oaxaca,Tamazulápam del Espíritu Santo,IV
Oaxaca,Tanetze de Zaragoza,IV
Oaxaca,Taniche,IX
Oaxaca,Tataltepec de Valdés,XI
Oaxaca,Teococuilco de Marcos Pérez,IV
Oaxaca,Teotitlán de Flores Magón,II
Oaxaca,Teotitlán del Valle,IV
Oaxaca,Teotongo,III
Oaxaca,Tepelmeme Villa de Morelos,III
Oaxaca,Tlacolula de Matamoros,IV
Oaxaca,Tlacotepec Plumas,III
Oaxaca,Tlalixtac de Cabrera,IV
Oaxaca,Totontepec Villa de Morelos,IV
Oaxaca,Trinidad Zaachila,IX
Oaxaca,Unión Hidalgo,VII
Oaxaca,Valerio Trujano,II
Oaxaca,Villa de Chilapa de Díaz,III
Oaxaca,Villa de Etla,III
Oaxaca,Villa de Tamazulápam del Progreso,III
Oaxaca,Villa de Tututepec de Melchor Ocampo,XI
Oaxaca,Villa de Zaachila,IX
Oaxaca,Villa Díaz Ordaz,IV
Oaxaca,Villa Hidalgo,IV
Oaxaca,Villa Sola de Vega,IX
Oaxaca,Villa Talea de Castro,IV
Oaxaca,Villa Tejúpam de la Unión,III
Oaxaca,Yaxe,IX
Oaxaca,Yogana,IX
Oaxaca,Yutanduchi de Guerrero,III
Oaxaca,Zapotitlán Lagunas,VI
Oaxaca,Zapotitlán Palmas,III
Oaxaca,Zimatlán de Álvarez,IX
Puebla,Acajete,VII
Puebla,Acateno,III
Puebla,Acatlán,XIV
Puebla,Acatzingo,VII
Puebla,Acteopan,XIII
Puebla,Ahuacatlán,IV
Puebla,Ahuatlán,XIII
Puebla,Ahuazotepec,II
Puebla,Ahuehuetitla,XIV
Puebla,Ajalpan,XVI
Puebla,Albino Zertuche,XIV
Puebla,Aljojuca,VIII
Puebla,Altepexi,XVI
Puebla,Amixtlán,IV
Puebla,Amozoc,VII
Puebla,Aquixtla,II
Puebla,Atempan,IV
Puebla,Atexcal,XVI
Puebla,Atlequizayan,IV
Puebla,Atlixco,XIII
Puebla,Atoyatempan,XIII
Puebla,Atzala,XIV
Puebla,Atzitzihuacán,XIII
Puebla,Atzitzintla,VIII
Puebla,Axutla,XIV
Puebla,Ayotoxco de Guerrero,IV
Puebla,Calpan,V
Puebla,Caltepec,XVI
Puebla,Camocuautla,IV
Puebla,Cañada Morelos,XVI
Puebla,Caxhuacan,IV
Puebla,Chalchicomula de Sesma,VIII
Puebla,Chapulco,XVI
Puebla,Chiautla,XIV
Puebla,Chiautzingo,V
Puebla,Chichiquila,III
Puebla,Chiconcuautla,I
Puebla,Chietla,XIV
Puebla,Chigmecatitlán,XIII
Puebla,Chignahuapan,II
Puebla,Chignautla,IV
Puebla,Chila,XIV
Puebla,Chila de la Sal,XIV
Puebla,Chilchotla,III
Puebla,Chinantla,XIV
Puebla,Coatepec,IV
Puebla,Coatzingo,XIII
Puebla,Cohetzala,XIV
Puebla,Cohuecan,XIII
Puebla,Coronango,X
Puebla,Coxcatlán,XVI
Puebla,Coyomeapan,XVI
Puebla,Coyotepec,XVI
Puebla,Cuapiaxtla de Madero,VII
Puebla,Cuautempan,IV
Puebla,Cuautinchán,VII
Puebla,Cuautlancingo,IX;X
Puebla,Cuayuca de Andrade,XIV
Puebla,Cuetzalan del Progreso,IV
Puebla,Cuyoaco,III
Puebla,Domingo Arenas,V
Puebla,Eloxochitlán,XVI
Puebla,Epatlán,XIII
Puebla,Esperanza,VIII
Puebla,Francisco Z. Mena,I
Puebla,General Felipe Ángeles,VIII
Puebla,Guadalupe,XIV
Puebla,Guadalupe Victoria,III
Puebla,Hermenegildo Galeana,IV
Puebla,Honey,I
Puebla,Huaquechula,XIII
Puebla,Huatlatlauca,XIII
Puebla,Huauchinango,I
Puebla,Huehuetla,IV
Puebla,Huehuetlán el Chico,XIV
Puebla,Huehuetlán el Grande,XIII
Puebla,Huejotzingo,V
Puebla,Hueyapan,IV
Puebla,Hueytamalco,III
Puebla,Hueytlalpan,IV
Puebla,Huitzilan de Serdán,IV
Puebla,Huitziltepec,XIII
Puebla,Ixcamilpa de Guerrero,XIV
Puebla,Ixcaquixtla,XVI
Puebla,Ixtacamaxtitlán,II
Puebla,Ixtepec,IV
Puebla,Izúcar de Matamoros,XIV
Puebla,Jalpan,I
Puebla,Jolalpan,XIV
Puebla,Jonotla,IV
Puebla,Jopala,I
Puebla,Juan C. Bonilla,X
Puebla,Juan Galindo,I
Puebla,Juan N. Méndez,XVI
Puebla,La Magdalena Tlatlauquitepec,XIII
Puebla,Lafragua,III
Puebla,Libres,II
Puebla,Los Reyes de Juárez,VII
Puebla,Mazapiltepec de Juárez,II
Puebla,Mixtla,VII
Puebla,Molcaxac,XIII
Puebla,Naupan,I
Puebla,Nauzontla,IV
Puebla,Nealtican,V
Puebla,Nicolás Bravo,XVI
Puebla,Nopalucan,II
Puebla,Ocotepec,II
Puebla,Ocoyucan,X
Puebla,Olintla,IV
Puebla,Oriental,II
Puebla,Pahuatlán,I
Puebla,Palmar de Bravo,VIII
Puebla,Pantepec,I
Puebla,Petlalcingo,XIV
Puebla,Piaxtla,XIV
Puebla,Puebla,VI;VII;IX;XI;XII
Puebla,Quecholac,VIII
Puebla,Quimixtlán,III
Puebla,Rafael Lara Grajales,II
Puebla,San Andrés Cholula,X;XI
Puebla,San Antonio Cañada,XVI
Puebla,San Diego la Mesa Tochimiltzingo,XIII
Puebla,San Felipe Teotlalcingo,V
Puebla,San Felipe Tepatlán,IV
Puebla,San Gabriel Chilac,XVI
Puebla,San Gregorio Atzompa,X
Puebla,San Jerónimo Tecuanipan,X
Puebla,San Jerónimo Xayacatlán,XIV
Puebla,San José Chiapa,II
Puebla,San José Miahuatlán,XVI
Puebla,San Juan Atenco,VIII
Puebla,San Juan Atzompa,XIII
Puebla,San Martín Texmelucan,V
Puebla,San Martín Totoltepec,XIII
Puebla,San Matías Tlalancaleca,V
Puebla,San Miguel Ixitlán,XIV
Puebla,San Miguel Xoxtla,X
Puebla,San Nicolás Buenos Aires,II
Puebla,San Nicolás de los Ranchos,V
Puebla,San Pablo Anicano,XIV
Puebla,San Pedro Cholula,X
Puebla,San Pedro Yeloixtlahuaca,XIV
Puebla,San Salvador el Seco,II
Puebla,San Salvador el Verde,V
Puebla,San Salvador Huixcolotla,VII
Puebla,San Sebastián Tlacotepec,XVI
Puebla,Santa Catarina Tlaltempan,XIII
Puebla,Santa Inés Ahuatempan,XIV
Puebla,Santa Isabel Cholula,XIII
Puebla,Santiago Miahuatlán,XV
Puebla,Santo Tomás Hueyotlipan,VII
Puebla,Soltepec,II
Puebla,Tecali de Herrera,VII
Puebla,Tecamachalco,VIII
Puebla,Tecomatlán,XIV
Puebla,Tehuacán,XV
Puebla,Tehuitzingo,XIV
Puebla,Tenampulco,III
Puebla,Teopantlán,XIII
Puebla,Teotlalco,XIV
Puebla,Tepanco de López,XV
Puebla,Tepango de Rodríguez,IV
Puebla,Tepatlaxco de Hidalgo,VII
Puebla,Tepeaca,VII
Puebla,Tepemaxalco,XIII
Puebla,Tepeojuma,XIII
Puebla,Tepetzintla,IV
Puebla,Tepexco,XIII
Puebla,Tepexi de Rodríguez,XVI
Puebla,Tepeyahualco,III
Puebla,Tepeyahualco de Cuauhtémoc,XIII
Puebla,Tetela de Ocampo,II
Puebla,Teteles de Avila Castillo,IV
Puebla,Teziutlán,III
Puebla,Tianguismanalco,XIII
Puebla,Tilapa,XIV
Puebla,Tlachichuca,VIII
Puebla,Tlacotepec de Benito Juárez,XV
Puebla,Tlacuilotepec,I
Puebla,Tlahuapan,V
Puebla,Tlaltenango,X
Puebla,Tlanepantla,VII
Puebla,Tlaola,I
Puebla,Tlapacoya,IV
Puebla,Tlapanalá,XIII
Puebla,Tlatlauquitepec,III
Puebla,Tlaxco,I
Puebla,Tochimilco,XIII
Puebla,Tochtepec,VIII
Puebla,Totoltepec de Guerrero,XVI
Puebla,Tulcingo,XIV
Puebla,Tuzamapan de Galeana,IV
Puebla,Tzicatlacoyan,XIII
Puebla,Venustiano Carranza,I
Puebla,Vicente Guerrero,XVI
Puebla,Xayacatlán de Bravo,XIV
Puebla,Xicotepec,I
Puebla,Xicotlán,XIV
Puebla,Xiutetelco,III
Puebla,Xochiapulco,IV
Puebla,Xochiltepec,XIII
Puebla,Xochitlán de Vicente Suárez,IV
Puebla,Xochitlán Todos Santos,VIII
Puebla,Yaonáhuac,IV
Puebla,Yehualtepec,VIII
Puebla,Zacapala,XIII
Puebla,Zacapoaxtla,IV
Puebla,Zacatlán,II
Puebla,Zapotitlán,XVI
Puebla,Zapotitlán de Méndez,IV
Puebla,Zaragoza,III
Puebla,Zautla,IV
Puebla,Zihuateutla,I
Puebla,Zinacatepec,XVI
Puebla,Zongozotla,IV
Puebla,Zoquiapan,IV
Puebla,Zoquitlán,XVI
Querétaro de Arteaga,Amealco de Bonfil,II
Querétaro de Arteaga,Arroyo Seco,I
Querétaro de Arteaga,Cadereyta de Montes,I
Querétaro de Arteaga,Colón,I
Querétaro de Arteaga,Corregidora,II
Querétaro de Arteaga,El Marqués,IV
Querétaro de Arteaga,Ezequiel Montes,I
Querétaro de Arteaga,Huimilpan,II
Querétaro de Arteaga,Jalpan de Serra,I
Querétaro de Arteaga,Landa de Matamoros,I
Querétaro de Arteaga,Pedro Escobedo,I
Querétaro de Arteaga,Peñamiller,I
Querétaro de Arteaga,Pinal de Amoles,I
Querétaro de Arteaga,Querétaro,III;IV
Querétaro de Arteaga,San Joaquín,I
Querétaro de Arteaga,San Juan del Río,II
Querétaro de Arteaga,Tequisquiapan,I
Querétaro de Arteaga,Tolimán,I
Quintana Roo,Bacalar,II
Quintana Roo,Benito Juárez,I;III
Quintana Roo,Cozumel,I
Quintana Roo,Felipe Carrillo Puerto,II
Quintana Roo,Isla Mujeres,I
Quintana Roo,José María Morelos,II
Quintana Roo,Lázaro Cárdenas,I
Quintana Roo,Othón P. Blanco,II
Quintana Roo,Solidaridad,I
Quintana Roo,Tulum,I
San Luis Potosí,Ahualulco,I
San Luis Potosí,Alaquines,III
San Luis Potosí,Aquismón,VII
San Luis Potosí,Armadillo de los Infante,II
San Luis Potosí,Axtla de Terrazas,VII
San Luis Potosí,Cárdenas,III
San Luis Potosí,Catorce,I
San Luis Potosí,Cedral,I
San Luis Potosí,Cerritos,III
San Luis Potosí,Cerro de San Pedro,II
San Luis Potosí,Charcas,I
San Luis Potosí,Ciudad del Maíz,III
San Luis Potosí,Ciudad Fernández,III
San Luis Potosí,Ciudad Valles,IV
San Luis Potosí,Coxcatlán,VII
San Luis Potosí,Ebano,IV
San Luis Potosí,El Naranjo,IV
San Luis Potosí,Guadalcázar,III
San Luis Potosí,Huehuetlán,VII
San Luis Potosí,Lagunillas,III
San Luis Potosí,Matehuala,I
San Luis Potosí,Matlapa,VII
San Luis Potosí,Mexquitic de Carmona,I
San Luis Potosí,Moctezuma,I
San Luis Potosí,Rayón,III
San Luis Potosí,Rioverde,III
San Luis Potosí,Salinas,I
San Luis Potosí,San Antonio,VII
San Luis Potosí,San Ciro de Acosta,III
San Luis Potosí,San Luis Potosí,V;VI
San Luis Potosí,San Martín Chalchicuautla,VII
San Luis Potosí,San Nicolás Tolentino,III
San Luis Potosí,San Vicente Tancuayalab,IV
San Luis Potosí,Santa Catarina,IV
San Luis Potosí,Santa María del Río,II
San Luis Potosí,Santo Domingo,I
San Luis Potosí,Soledad de Graciano Sánchez,II;VI
San Luis Potosí,Tamasopo,IV
San Luis Potosí,Tamazunchale,VII
San Luis Potosí,Tampacán,VII
San Luis Potosí,Tampamolón Corona,VII
San Luis Potosí,Tamuín,IV
San Luis Potosí,Tancanhuitz,VII
San Luis Potosí,Tanlajás,VII
San Luis Potosí,Tanquián de Escobedo,IV
San Luis Potosí,Tierra Nueva,II
San Luis Potosí,Vanegas,I
San Luis Potosí,Venado,I
San Luis Potosí,Villa de Arista,III
San Luis Potosí,Villa de Arriaga,II
San Luis Potosí,Villa de Guadalupe,I
San Luis Potosí,Villa de la Paz,I
San Luis Potosí,Villa de Ramos,I
San Luis Potosí,Villa de Reyes,II
San Luis Potosí,Villa Hidalgo,III
San Luis Potosí,Villa Juárez,III
San Luis Potosí,Xilitla,VII
San Luis Potosí,Zaragoza,II
Sinaloa,Ahome,II
Sinaloa,Angostura,III
Sinaloa,Badiraguato,I
Sinaloa,Choix,I
Sinaloa,Concordia,VI
Sinaloa,Cosalá,VI
Sinaloa,Culiacán,III;V;VII
Sinaloa,El Fuerte,I
Sinaloa,Elota,VI
Sinaloa,Escuinapa,VI
Sinaloa,Guasave,IV
Sinaloa,Mazatlán,VI;VIII
Sinaloa,Mocorito,I
Sinaloa,Navolato,III
Sinaloa,Rosario,VI
Sinaloa,Salvador Alvarado,III
Sinaloa,San Ignacio,VI
Sinaloa,Sinaloa,I
Sonora,Aconchi,IV
Sonora,Agua Prieta,II
Sonora,Alamos,VII
Sonora,Altar,I
Sonora,Arivechi,IV
Sonora,Arizpe,II
Sonora,Atil,I
Sonora,Bacadéhuachi,IV
Sonora,Bacanora,IV
Sonora,Bacerac,IV
Sonora,Bacoachi,II
Sonora,Bácum,IV
Sonora,Banámichi,IV
Sonora,Baviácora,IV
Sonora,Bavispe,IV
Sonora,Benito Juárez,VII
Sonora,Benjamín Hill,I
Sonora,Caborca,I
Sonora,Cajeme,VI
Sonora,Cananea,II
Sonora,Carbó,IV
Sonora,Cucurpe,II
Sonora,Cumpas,IV
Sonora,Divisaderos,IV
Sonora,Empalme,IV
Sonora,Etchojoa,VII
Sonora,Fronteras,II
Sonora,General Plutarco Elías Calles,I
Sonora,Granados,IV
Sonora,Guaymas,IV
Sonora,Hermosillo,III;V
Sonora,Huachinera,IV
Sonora,Huásabas,IV
Sonora,Huatabampo,VII
Sonora,Huépac,IV
Sonora,Imuris,II
Sonora,La Colorada,IV
Sonora,Magdalena,II
Sonora,Mazatán,IV
Sonora,Moctezuma,IV
Sonora,Naco,II
Sonora,Nácori Chico,IV
Sonora,Nacozari de García,IV
Sonora,Navojoa,VII
Sonora,Nogales,II
Sonora,Onavas,IV
Sonora,Opodepe,IV
Sonora,Oquitoa,I
Sonora,Pitiquito,I
Sonora,Puerto Peñasco,I
Sonora,Quiriego,VII
Sonora,Rayón,IV
Sonora,Rosario,VII
Sonora,Sahuaripa,IV
Sonora,San Felipe de Jesús,IV
Sonora,San Ignacio Río Muerto,IV
Sonora,San Javier,IV
Sonora,San Luis Río Colorado,I
Sonora,San Miguel de Horcasitas,IV
Sonora,San Pedro de la Cueva,IV
Sonora,Santa Ana,I
Sonora,Santa Cruz,II
Sonora,Sáric,I
Sonora,Soyopa,IV
Sonora,Suaqui Grande,IV
Sonora,Tepache,IV
Sonora,Trincheras,I
Sonora,Tubutama,I
Sonora,Ures,IV
Sonora,Villa Hidalgo,IV
Sonora,Villa Pesqueira,IV
Sonora,Yécora,IV
Tabasco,Balancán,I
Tabasco,Cárdenas,II;III
Tabasco,Centla,V
Tabasco,Centro,IV;VI
Tabasco,Comalcalco,III
Tabasco,Cunduacán,III
Tabasco,Emiliano Zapata,I
Tabasco,Huimanguillo,II
Tabasco,Jalapa,VI
Tabasco,Jalpa de Méndez,V
Tabasco,Jonuta,I
Tabasco,Macuspana,I
Tabasco,Nacajuca,V
Tabasco,Paraíso,V
Tabasco,Tacotalpa,VI
Tabasco,Teapa,VI
Tabasco,Tenosique,I
Tamaulipas,Abasolo,VI
Tamaulipas,Aldama,VII
Tamaulipas,Altamira,VII
Tamaulipas,Antiguo Morelos,VI
Tamaulipas,Burgos,III
Tamaulipas,Bustamante,VI
Tamaulipas,Camargo,I
Tamaulipas,Casas,VI
Tamaulipas,Ciudad Madero,VII;VIII
Tamaulipas,Cruillas,III
Tamaulipas,El Mante,VI
Tamaulipas,Gómez Farías,VI
Tamaulipas,González,VI
Tamaulipas,Güémez,V
Tamaulipas,Guerrero,I
Tamaulipas,Gustavo Díaz Ordaz,III
Tamaulipas,Hidalgo,V
Tamaulipas,Jaumave,VI
Tamaulipas,Jiménez,VI
Tamaulipas,Llera,VI
Tamaulipas,Mainero,V
Tamaulipas,Matamoros,III;IV
Tamaulipas,Méndez,III
Tamaulipas,Mier,I
Tamaulipas,Miguel Alemán,I
Tamaulipas,Miquihuana,VI
Tamaulipas,Nuevo Laredo,I
Tamaulipas,Nuevo Morelos,VI
Tamaulipas,Ocampo,VI
Tamaulipas,Padilla,V
Tamaulipas,Palmillas,VI
Tamaulipas,Reynosa,II;III
Tamaulipas,Río Bravo,III
Tamaulipas,San Carlos,V
Tamaulipas,San Fernando,III
Tamaulipas,San Nicolás,V
Tamaulipas,Soto la Marina,VI
Tamaulipas,Tampico,VIII
Tamaulipas,Tula,VI
Tamaulipas,Valle Hermoso,III
Tamaulipas,Victoria,V
Tamaulipas,Villagrán,V
Tamaulipas,Xicoténcatl,VI
Tlaxcala,Acuamanala de Miguel Hidalgo,II
Tlaxcala,Altzayanca,I
Tlaxcala,Amaxac de Guerrero,II
Tlaxcala,Apetatitlán de Antonio Carvajal,II
Tlaxcala,Apizaco,I
Tlaxcala,Atlangatepec,I
Tlaxcala,Benito Juárez,III
Tlaxcala,Calpulalpan,III
Tlaxcala,Chiautempan,II
Tlaxcala,Contla de Juan Cuamatzi,II
Tlaxcala,Cuapiaxtla,I
Tlaxcala,Cuaxomulco,I
Tlaxcala,El Carmen Tequexquitla,I
Tlaxcala,Emiliano Zapata,I
Tlaxcala,Españita,III
Tlaxcala,Huamantla,I
Tlaxcala,Hueyotlipan,I
Tlaxcala,Ixtacuixtla de Mariano Matamoros,III
Tlaxcala,Ixtenco,I
Tlaxcala,La Magdalena Tlaltelulco,II
Tlaxcala,Lázaro Cárdenas,I
Tlaxcala,Mazatecochco de José María Morelos,III
Tlaxcala,Muñoz de Domingo Arenas,I
Tlaxcala,Nanacamilpa de Mariano Arista,III
Tlaxcala,Natívitas,III
Tlaxcala,Panotla,III
Tlaxcala,Papalotla de Xicohténcatl,III
Tlaxcala,San Damián Texóloc,III
Tlaxcala,San Francisco Tetlanohcan,II
Tlaxcala,San Jerónimo Zacualpan,III
Tlaxcala,San José Teacalco,I
Tlaxcala,San Juan Huactzinco,III
Tlaxcala,San Lorenzo Axocomanitla,III
Tlaxcala,San Lucas Tecopilco,III
Tlaxcala,San Pablo del Monte,II
Tlaxcala,Sanctórum de Lázaro Cárdenas,III
Tlaxcala,Santa Ana Nopalucan,III
Tlaxcala,Santa Apolonia Teacalco,III
Tlaxcala,Santa Catarina Ayometla,III
Tlaxcala,Santa Cruz Quilehtla,III
Tlaxcala,Santa Cruz Tlaxcala,II
Tlaxcala,Santa Isabel Xiloxoxtla,II
Tlaxcala,Tenancingo,III
Tlaxcala,Teolocholco,II
Tlaxcala,Tepetitla de Lardizábal,III
Tlaxcala,Tepeyanco,II
Tlaxcala,Terrenate,I
Tlaxcala,Tetla de la Solidaridad,I
Tlaxcala,Tetlatlahuca,III
Tlaxcala,Tlaxcala,II
Tlaxcala,Tlaxco,I
Tlaxcala,Tocatlán,I
Tlaxcala,Totolac,II
Tlaxcala,Tzompantepec,I
Tlaxcala,Xaloztoc,I
Tlaxcala,Xaltocan,III
Tlaxcala,Xicohtzinco,III
Tlaxcala,Yauhquemehcan,I
Tlaxcala,Zacatelco,III
Tlaxcala,Ziltlaltépec de Trinidad Sánchez Santos,I
Veracruz de Ignacio de la Llave,Acajete,IX
Veracruz de Ignacio de la Llave,Acatlán,VIII
Veracruz de Ignacio de la Llave,Acayucan,XX
Veracruz de Ignacio de la Llave,Actopan,VIII
Veracruz de Ignacio de la Llave,Acula,XIX
Veracruz de Ignacio de la Llave,Acultzingo,XVIII
Veracruz de Ignacio de la Llave,Agua Dulce,XIX
Veracruz de Ignacio de la Llave,Álamo Temapache,III
Veracruz de Ignacio de la Llave,Alpatláhuac,XVIII
Veracruz de Ignacio de la Llave,Alto Lucero de Gutiérrez Barrios,VIII
Veracruz de Ignacio de la Llave,Altotonga,IX
Veracruz de Ignacio de la Llave,Alvarado,XVIII
Veracruz de Ignacio de la Llave,Amatitlán,XIX
Veracruz de Ignacio de la Llave,Amatlán de los Reyes,XVIII
Veracruz de Ignacio de la Llave,Angel R. Cabada,XIX
Veracruz de Ignacio de la Llave,Apazapan,VIII
Veracruz de Ignacio de la Llave,Aquila,XVIII
Veracruz de Ignacio de la Llave,Astacinga,XIVIII
Veracruz de Ignacio de la Llave,Atlahuilco,XVIII
Veracruz de Ignacio de la Llave,Atoyac,XIII
Veracruz de Ignacio de la Llave,Atzacan,XVIII
Veracruz de Ignacio de la Llave,Atzalan,VII
Veracruz de Ignacio de la Llave,Ayahualulco,IX
Veracruz de Ignacio de la Llave,Banderilla,VIII
Veracruz de Ignacio de la Llave,Benito Juárez,II
Veracruz de Ignacio de la Llave,Boca del Río,IV
Veracruz de Ignacio de la Llave,Calcahualco,XVIII
Veracruz de Ignacio de la Llave,Camarón de Tejeda,XIII
Veracruz de Ignacio de la Llave,Camerino Z. Mendoza,XVIII
Veracruz de Ignacio de la Llave,Carlos A. Carrillo,XX
Veracruz de Ignacio de la Llave,Carrillo Puerto,XIII
Veracruz de Ignacio de la Llave,Castillo de Teayo,V
Veracruz de Ignacio de la Llave,Catemaco,XIX
Veracruz de Ignacio de la Llave,Cazones de Herrera,III
Veracruz de Ignacio de la Llave,Cerro Azul,III
Veracruz de Ignacio de la Llave,Chacaltianguis,XX
Veracruz de Ignacio de la Llave,Chalma,II
Veracruz de Ignacio de la Llave,Chiconamel,II
Veracruz de Ignacio de la Llave,Chiconquiaco,VIII
Veracruz de Ignacio de la Llave,Chicontepec,II
Veracruz de Ignacio de la Llave,Chinameca,XXI
Veracruz de Ignacio de la Llave,Chinampa de Gorostiza,I
Veracruz de Ignacio de la Llave,Chocamán,XVIII
Veracruz de Ignacio de la Llave,Chontla,II
Veracruz de Ignacio de la Llave,Chumatlán,VI
Veracruz de Ignacio de la Llave,Citlaltépetl,II
Veracruz de Ignacio de la Llave,Coacoatzintla,IX
Veracruz de Ignacio de la Llave,Coahuitlán,VI
Veracruz de Ignacio de la Llave,Coatepec,IX
Veracruz de Ignacio de la Llave,Coatzacoalcos,XI
Veracruz de Ignacio de la Llave,Coatzintla,V
Veracruz de Ignacio de la Llave,Coetzala,XVIII
Veracruz de Ignacio de la Llave,Colipa,VIII
Veracruz de Ignacio de la Llave,Comapa,VIII
Veracruz de Ignacio de la Llave,Córdoba,XVIII
Veracruz de Ignacio de la Llave,Cosamaloapan de Carpio,XVIII
Veracruz de Ignacio de la Llave,Cosautlán de Carvajal,IX
Veracruz de Ignacio de la Llave,Coscomatepec,XVIII
Veracruz de Ignacio de la Llave,Cosoleacaque,XXI
Veracruz de Ignacio de la Llave,Cotaxtla,XVIII
Veracruz de Ignacio de la Llave,Coxquihui,VI
Veracruz de Ignacio de la Llave,Coyutla,VI
Veracruz de Ignacio de la Llave,Cuichapa,XVIII
Veracruz de Ignacio de la Llave,Cuitláhuac,XVIII
Veracruz de Ignacio de la Llave,El Higo,I
Veracruz de Ignacio de la Llave,Emiliano Zapata,VIII
Veracruz de Ignacio de la Llave,Espinal,VI
Veracruz de Ignacio de la Llave,Filomeno Mata,VI
Veracruz de Ignacio de la Llave,Fortín,XVI
Veracruz de Ignacio de la Llave,Gutiérrez Zamora,VI
Veracruz de Ignacio de la Llave,Hidalgotitlán,XIV
Veracruz de Ignacio de la Llave,Huatusco,XIII
Veracruz de Ignacio de la Llave,Huayacocotla,II
Veracruz de Ignacio de la Llave,Hueyapan de Ocampo,XXI
Veracruz de Ignacio de la Llave,Huiloapan de Cuauhtémoc,XVIII
Veracruz de Ignacio de la Llave,Ignacio de la Llave,XVIII
Veracruz de Ignacio de la Llave,Ilamatlán,II
Veracruz de Ignacio de la Llave,Isla,XX
Veracruz de Ignacio de la Llave,Ixcatepec,II
Veracruz de Ignacio de la Llave,Ixhuacán de los Reyes,IX
Veracruz de Ignacio de la Llave,Ixhuatlán de Madero,II
Veracruz de Ignacio de la Llave,Ixhuatlán del Café,XIII
Veracruz de Ignacio de la Llave,Ixhuatlán del Sureste,XIV
Veracruz de Ignacio de la Llave,Ixhuatlancillo,XV
Veracruz de Ignacio de la Llave,Ixmatlahuacan,XVII
Veracruz de Ignacio de la Llave,Ixtaczoquitlán,XVI
Veracruz de Ignacio de la Llave,Jalacingo,VII
Veracruz de Ignacio de la Llave,Jalcomulco,VIII
Veracruz de Ignacio de la Llave,Jáltipan,XXI
Veracruz de Ignacio de la Llave,Jamapa,XVII
Veracruz de Ignacio de la Llave,Jesús Carranza,XIV
Veracruz de Ignacio de la Llave,Jilotepec,VIII
Veracruz de Ignacio de la Llave,José Azueta,XX
Veracruz de Ignacio de la Llave,Juan Rodríguez Clara,XX
Veracruz de Ignacio de la Llave,Juchique de Ferrer,VIII
Veracruz de Ignacio de la Llave,La Antigua,XIII
Veracruz de Ignacio de la Llave,La Perla,XV
Veracruz de Ignacio de la Llave,Landero y Coss,VII
Veracruz de Ignacio de la Llave,Las Choapas,XIV
Veracruz de Ignacio de la Llave,Las Minas,IX
Veracruz de Ignacio de la Llave,Las Vigas de Ramírez,IX
Veracruz de Ignacio de la Llave,Lerdo de Tejada,XIX
Veracruz de Ignacio de la Llave,Los Reyes,XVIII
Veracruz de Ignacio de la Llave,Magdalena,XVIII
Veracruz de Ignacio de la Llave,Maltrata,XV
Veracruz de Ignacio de la Llave,Manlio Fabio Altamirano,XIII
Veracruz de Ignacio de la Llave,Mariano Escobedo,XV
Veracruz de Ignacio de la Llave,Martínez de la Torre,VII
Veracruz de Ignacio de la Llave,Mecatlán,VI
Veracruz de Ignacio de la Llave,Mecayapan,XXI
Veracruz de Ignacio de la Llave,Medellín,XVII
Veracruz de Ignacio de la Llave,Miahuatlán,VIII
Veracruz de Ignacio de la Llave,Minatitlán,XIV
Veracruz de Ignacio de la Llave,Misantla,VII
Veracruz de Ignacio de la Llave,Mixtla de Altamirano,XVIII
Veracruz de Ignacio de la Llave,Moloacán,XIV
Veracruz de Ignacio de la Llave,Nanchital de Lázaro Cárdenas del Río,XI
Veracruz de Ignacio de la Llave,Naolinco,VIII
Veracruz de Ignacio de la Llave,Naranjal,XVI
Veracruz de Ignacio de la Llave,Naranjos Amatlán,I
Veracruz de Ignacio de la Llave,Nautla,VII
Veracruz de Ignacio de la Llave,Nogales,XV
Veracruz de Ignacio de la Llave,Oluta,XXI
Veracruz de Ignacio de la Llave,Omealca,XVIII
Veracruz de Ignacio de la Llave,Orizaba,XV
Veracruz de Ignacio de la Llave,Otatitlán,XVI
Veracruz de Ignacio de la Llave,Oteapan,XXI
Veracruz de Ignacio de la Llave,Ozuluama de Mascareñas,I
Veracruz de Ignacio de la Llave,Pajapan,XXI
Veracruz de Ignacio de la Llave,Pánuco,I
Veracruz de Ignacio de la Llave,Papantla,VI
Veracruz de Ignacio de la Llave,Paso de Ovejas,XIII
Veracruz de Ignacio de la Llave,Paso del Macho,XIII
Veracruz de Ignacio de la Llave,Perote,IX
Veracruz de Ignacio de la Llave,Platón Sánchez,II
Veracruz de Ignacio de la Llave,Playa Vicente,XX
Veracruz de Ignacio de la Llave,Poza Rica de Hidalgo,V
Veracruz de Ignacio de la Llave,Pueblo Viejo,I
Veracruz de Ignacio de la Llave,Puente Nacional,XIII
Veracruz de Ignacio de la Llave,Rafael Delgado,XVIII
Veracruz de Ignacio de la Llave,Rafael Lucio,IX
Veracruz de Ignacio de la Llave,Río Blanco,XV
Veracruz de Ignacio de la Llave,Saltabarranca,XIX
Veracruz de Ignacio de la Llave,San Andrés Tenejapan,XVIII
Veracruz de Ignacio de la Llave,San Andrés Tuxtla,XIX
Veracruz de Ignacio de la Llave,San Juan Evangelista,XX
Veracruz de Ignacio de la Llave,San Rafael,VII
Veracruz de Ignacio de la Llave,Santiago Sochiapan,XX
Veracruz de Ignacio de la Llave,Santiago Tuxtla,XIX
Veracruz de Ignacio de la Llave,Sayula de Alemán,XX
Veracruz de Ignacio de la Llave,Sochiapa,XIII
Veracruz de Ignacio de la Llave,Soconusco,XXI
Veracruz de Ignacio de la Llave,Soledad Atzompa,XVIII
Veracruz de Ignacio de la Llave,Soledad de Doblado,XIII
Veracruz de Ignacio de la Llave,Soteapan,XXI
Veracruz de Ignacio de la Llave,Tamalín,I
Veracruz de Ignacio de la Llave,Tamiahua,III
Veracruz de Ignacio de la Llave,Tampico Alto,I
Veracruz de Ignacio de la Llave,Tancoco,I
Veracruz de Ignacio de la Llave,Tantima,I
Veracruz de Ignacio de la Llave,Tantoyuca,II
Veracruz de Ignacio de la Llave,Tatahuicapan de Juárez,XXI
Veracruz de Ignacio de la Llave,Tatatila,IX
Veracruz de Ignacio de la Llave,Tecolutla,VI
Veracruz de Ignacio de la Llave,Tehuipango,XVIII
Veracruz de Ignacio de la Llave,Tempoal,I
Veracruz de Ignacio de la Llave,Tenampa,XIII
Veracruz de Ignacio de la Llave,Tenochtitlán,VII
Veracruz de Ignacio de la Llave,Teocelo,IX
Veracruz de Ignacio de la Llave,Tepatlaxco,XIII
Veracruz de Ignacio de la Llave,Tepetlán,VIII
Veracruz de Ignacio de la Llave,Tepetzintla,III
Veracruz de Ignacio de la Llave,Tequila,XVIII
Veracruz de Ignacio de la Llave,Texcatepec,II
Veracruz de Ignacio de la Llave,Texhuacán,XVIII
Veracruz de Ignacio de la Llave,Texistepec,XXI
Veracruz de Ignacio de la Llave,Tezonapa,XVIII
Veracruz de Ignacio de la Llave,Tierra Blanca,XVII
Veracruz de Ignacio de la Llave,Tihuatlán,V
Veracruz de Ignacio de la Llave,Tlachichilco,II
Veracruz de Ignacio de la Llave,Tlacojalpan,XVII
Veracruz de Ignacio de la Llave,Tlacolulan,IX
Veracruz de Ignacio de la Llave,Tlacotalpan,XIX
Veracruz de Ignacio de la Llave,Tlacotepec de Mejía,XIII
Veracruz de Ignacio de la Llave,Tlalixcoyan,XVII
Veracruz de Ignacio de la Llave,Tlalnelhuayocan,IX
Veracruz de Ignacio de la Llave,Tlaltetela,XIII
Veracruz de Ignacio de la Llave,Tlapacoyan,VII
Veracruz de Ignacio de la Llave,Tlaquilpa,XVIII
Veracruz de Ignacio de la Llave,Tlilapan,XVIII
Veracruz de Ignacio de la Llave,Tomatlán,XV
Veracruz de Ignacio de la Llave,Tonayán,VIII
Veracruz de Ignacio de la Llave,Totutla,XIII
Veracruz de Ignacio de la Llave,Tres Valles,XVII
Veracruz de Ignacio de la Llave,Tuxpan,III
Veracruz de Ignacio de la Llave,Tuxtilla,XX
Veracruz de Ignacio de la Llave,Ursulo Galván,VIII
Veracruz de Ignacio de la Llave,Uxpanapa,XIV
Veracruz de Ignacio de la Llave,Vega de Alatorre,VIII
Veracruz de Ignacio de la Llave,Veracruz,IV;XII
Veracruz de Ignacio de la Llave,Villa Aldama,IX
Veracruz de Ignacio de la Llave,Xalapa,VIII;X
Veracruz de Ignacio de la Llave,Xico,IX
Veracruz de Ignacio de la Llave,Xoxocotla,XVIII
Veracruz de Ignacio de la Llave,Yanga,XVIII
Veracruz de Ignacio de la Llave,Yecuatla,VIII
Veracruz de Ignacio de la Llave,Zacualpan,II
Veracruz de Ignacio de la Llave,Zaragoza,XXI
Veracruz de Ignacio de la Llave,Zentla,XIII
Veracruz de Ignacio de la Llave,Zongolica,XVIII
Veracruz de Ignacio de la Llave,Zontecomatlán de López y Fuentes,II
Veracruz de Ignacio de la Llave,Zozocolco de Hidalgo,VI
Yucatán,Abalá,V
Yucatán,Acanceh,II
Yucatán,Akil,V
Yucatán,Baca,II
Yucatán,Bokobá,II
Yucatán,Buctzotz,II
Yucatán,Cacalchén,II
Yucatán,Calotmul,I
Yucatán,Cansahcab,II
Yucatán,Cantamayec,I
Yucatán,Celestún,V
Yucatán,Cenotillo,I
Yucatán,Chacsinkín,I
Yucatán,Chankom,I
Yucatán,Chapab,V
Yucatán,Chemax,I
Yucatán,Chichimilá,I
Yucatán,Chicxulub Pueblo,II
Yucatán,Chikindzonot,I
Yucatán,Chocholá,V
Yucatán,Chumayel,V
Yucatán,Conkal,II
Yucatán,Cuncunul,I
Yucatán,Cuzamá,V
Yucatán,Dzán,V
Yucatán,Dzemul,II
Yucatán,Dzidzantún,II
Yucatán,Dzilam de Bravo,II
Yucatán,Dzilam González,II
Yucatán,Dzitás,I
Yucatán,Dzoncauich,II
Yucatán,Espita,I
Yucatán,Halachó,V
Yucatán,Hocabá,II
Yucatán,Hoctún,II
Yucatán,Homún,V
Yucatán,Huhí,V
Yucatán,Hunucmá,V
Yucatán,Ixil,II
Yucatán,Izamal,II
Yucatán,Kanasín,II
Yucatán,Kantunil,I
Yucatán,Kaua,I
Yucatán,Kinchil,V
Yucatán,Kopomá,V
Yucatán,Mama,V
Yucatán,Maní,V
Yucatán,Maxcanú,V
Yucatán,Mayapán,V
Yucatán,Mérida,III;IV
Yucatán,Mocochá,II
Yucatán,Motul,II
Yucatán,Muna,V
Yucatán,Muxupip,II
Yucatán,Opichén,V
Yucatán,Oxkutzcab,V
Yucatán,Panabá,I
Yucatán,Peto,I
Yucatán,Progreso,II
Yucatán,Quintana Roo,I
Yucatán,Río Lagartos,I
Yucatán,Sacalum,V
Yucatán,Samahil,V
Yucatán,San Felipe,I
Yucatán,Sanahcat,V
Yucatán,Santa Elena,V
Yucatán,Seyé,II
Yucatán,Sinanché,II
Yucatán,Sotuta,I
Yucatán,Sucilá,I
Yucatán,Sudzal,I
Yucatán,Suma,II
Yucatán,Tahdziú,I
Yucatán,Tahmek,II
Yucatán,Teabo,V
Yucatán,Tecoh,V
Yucatán,Tekal de Venegas,II
Yucatán,Tekantó,II
Yucatán,Tekax,V
Yucatán,Tekit,V
Yucatán,Tekom,I
Yucatán,Telchac Pueblo,II
Yucatán,Telchac Puerto,II
Yucatán,Temax,II
Yucatán,Temozón,I
Yucatán,Tepakán,II
Yucatán,Tetiz,V
Yucatán,Teya,II
Yucatán,Ticul,V
Yucatán,Timucuy,II
Yucatán,Tinum,I
Yucatán,Tixcacalcupul,I
Yucatán,Tixkokob,II
Yucatán,Tixmehuac,I
Yucatán,Tixpéhual,II
Yucatán,Tizimín,I
Yucatán,Tunkás,I
Yucatán,Tzucacab,I
Yucatán,Uayma,I
Yucatán,Ucú,V
Yucatán,Umán,V
Yucatán,Valladolid,I
Yucatán,Xocchel,II
Yucatán,Yaxcabá,II
Yucatán,Yaxkukul,II
Yucatán,Yobaín,II
Zacatecas,Apozol,II
Zacatecas,Apulco,II
Zacatecas,Atolinga,II
Zacatecas,Benito Juárez,II
Zacatecas,Calera,I
Zacatecas,Cañitas de Felipe Pescador,III
Zacatecas,Chalchihuites,I
Zacatecas,Concepción del Oro,III
Zacatecas,Cuauhtémoc,II
Zacatecas,El Plateado de Joaquín Amaro,II
Zacatecas,El Salvador,III
Zacatecas,Fresnillo,I
Zacatecas,Genaro Codina,II
Zacatecas,General Enrique Estrada,I
Zacatecas,General Francisco R. Murguía,III
Zacatecas,General Pánfilo Natera,IV
Zacatecas,Guadalupe,IV
Zacatecas,Huanusco,II
Zacatecas,Jalpa,II
Zacatecas,Jerez,II
Zacatecas,Jiménez del Teul,I
Zacatecas,Juan Aldama,III
Zacatecas,Juchipila,II
Zacatecas,Loreto,IV
Zacatecas,Luis Moya,II
Zacatecas,Mazapil,III
Zacatecas,Melchor Ocampo,III
Zacatecas,Mezquital del Oro,II
Zacatecas,Miguel Auza,I
Zacatecas,Momax,II
Zacatecas,Monte Escobedo,II
Zacatecas,Morelos,III
Zacatecas,Moyahua de Estrada,II
Zacatecas,Nochistlán de Mejía,II
Zacatecas,Noria de Ángeles,IV
Zacatecas,Ojocaliente,IV
Zacatecas,Pánuco,III
Zacatecas,Pinos,IV
Zacatecas,Río Grande,III
Zacatecas,Sain Alto,I
Zacatecas,Santa María de la Paz,II
Zacatecas,Sombrerete,I
Zacatecas,Susticacán,II
Zacatecas,Tabasco,II
Zacatecas,Tepechitlán,II
Zacatecas,Tepetongo,II
Zacatecas,Teúl de González Ortega,II
Zacatecas,Tlaltenango de Sánchez Román,II
Zacatecas,Trancoso,IV
Zacatecas,Trinidad García de la Cadena,II
Zacatecas,Valparaíso,II
Zacatecas,Vetagrande,III
Zacatecas,Villa de Cos,III
Zacatecas,Villa García,IV
Zacatecas,Villa González Ortega,IV
Zacatecas,Villa Hidalgo,IV
Zacatecas,Villanueva,II
Zacatecas,Zacatecas,III